samplename,superkingdom,kingdom,subkingdom,phylum,class,subclass,order,suborder,family,subfamily,genus,species
M01895:175:000000000-CJJKT:1:1101:13692:3231__kiwi2019__AG0320-760__ITS1F,Eukaryota,Fungi,Dikarya,Ascomycota,Saccharomycetes,,Saccharomycetales,,,,Candida,
M01895:175:000000000-CJJKT:1:1111:19981:17220__kiwi2019__AG0320-641__ITS1F,Eukaryota,Fungi,Dikarya,Ascomycota,Dothideomycetes,Dothideomycetidae,Dothideales,,Saccotheciaceae,,Aureobasidium,
M01895:175:000000000-CJJKT:1:1101:20919:5683__kiwi2019__AG0320-613__ITS1F,Eukaryota,Fungi,Dikarya,Basidiomycota,Microbotryomycetes,,Sporidiobolales,,Sporidiobolaceae,,Sporobolomyces,Sporobolomyces ruberrimus
M01895:175:000000000-CJJKT:1:1102:24881:6846__kiwi2019__AG0320-811__ITS1F,Eukaryota,Fungi,Dikarya,Ascomycota,Dothideomycetes,Dothideomycetidae,Dothideales,,,,,
M01895:175:000000000-CJJKT:1:1101:24283:23952__kiwi2019__AG0320-691__ITS1F,Eukaryota,Fungi,Dikarya,Basidiomycota,Tremellomycetes,,Tremellales,,Bulleribasidiaceae,,Vishniacozyma,
M01895:175:000000000-CJJKT:1:1110:7232:8514__kiwi2019__AG0320-418__ITS1F,Eukaryota,Fungi,Dikarya,Basidiomycota,Microbotryomycetes,,,,,,Curvibasidium,Curvibasidium cygneicollum
M01895:175:000000000-CJJKT:1:1101:24730:12212__kiwi2019__AG0320-739__ITS1F,Eukaryota,Fungi,Dikarya,Ascomycota,Dothideomycetes,Dothideomycetidae,Capnodiales,,Cladosporiaceae,,,
M01895:175:000000000-CJJKT:1:1101:12144:2940__kiwi2019__AG0320-762__ITS1F,Eukaryota,Fungi,Dikarya,Ascomycota,Sordariomycetes,Xylariomycetidae,Xylariales,,,,,
M01895:175:000000000-CJJKT:1:1101:24843:14221__kiwi2019__AG0320-276__ITS1F,Eukaryota,Fungi,Dikarya,Ascomycota,Dothideomycetes,Dothideomycetidae,Dothideales,,,,,
M01895:175:000000000-CJJKT:1:1111:13452:4190__kiwi2019__AG0320-192__ITS1F,Eukaryota,Fungi,Dikarya,Basidiomycota,Tremellomycetes,,Tremellales,,,,,
M01895:175:000000000-CJJKT:1:1103:26327:20150__kiwi2019__AG0320-671__ITS1F,Eukaryota,Fungi,Dikarya,Basidiomycota,Tremellomycetes,,Holtermanniales,,,,Holtermanniella,Holtermanniella festucosa
M01895:175:000000000-CJJKT:1:1101:21356:24453__kiwi2019__AG0320-619__ITS1F,Eukaryota,Fungi,Dikarya,Basidiomycota,Microbotryomycetes,,Sporidiobolales,,Sporidiobolaceae,,Rhodotorula,
M01895:175:000000000-CJJKT:1:1109:9306:7417__kiwi2019__AG0320-337__ITS1F,Eukaryota,Fungi,Dikarya,Ascomycota,Leotiomycetes,,Helotiales,,Sclerotiniaceae,,,
M01895:175:000000000-CJJKT:1:1101:16932:8415__kiwi2019__AG0320-192__ITS1F,Eukaryota,Fungi,Dikarya,Ascomycota,Taphrinomycetes,,Taphrinales,,Taphrinaceae,,Taphrina,
M01895:175:000000000-CJJKT:1:1101:13086:10049__kiwi2019__AG0320-775__ITS1F,Eukaryota,Fungi,Dikarya,Ascomycota,,,,,,,,
M01895:175:000000000-CJJKT:1:2109:22569:15263__kiwi2019__AG0320-627__ITS1F,Eukaryota,Fungi,Dikarya,Basidiomycota,Microbotryomycetes,,Sporidiobolales,,Sporidiobolaceae,,,
M01895:175:000000000-CJJKT:1:1103:16105:6027__kiwi2019__AG0320-672__ITS1F,Eukaryota,Fungi,Dikarya,Basidiomycota,Exobasidiomycetes,,Exobasidiales,,Exobasidiaceae,,Exobasidium,
M01895:175:000000000-CJJKT:1:1104:5172:7750__kiwi2019__AG0320-802__ITS1F,Eukaryota,Fungi,Dikarya,Ascomycota,,,,,,,,
M01895:175:000000000-CJJKT:1:2112:7542:24174__kiwi2019__AG0320-229__ITS1F,Eukaryota,Fungi,Dikarya,Basidiomycota,Tremellomycetes,,Cystofilobasidiales,,Cystofilobasidiaceae,,Cystofilobasidium,Cystofilobasidium macerans
M01895:175:000000000-CJJKT:1:1111:25934:14432__kiwi2019__AG0320-673__ITS1F,Eukaryota,Fungi,Dikarya,Ascomycota,Taphrinomycetes,,Taphrinales,,Taphrinaceae,,Taphrina,
M01895:175:000000000-CJJKT:1:1102:9550:25918__kiwi2019__AG0320-407__ITS1F,Eukaryota,Fungi,Dikarya,Basidiomycota,Tremellomycetes,,Tremellales,,,,,
M01895:175:000000000-CJJKT:1:1101:9172:6054__kiwi2019__AG0320-770__ITS1F,Eukaryota,Fungi,Dikarya,Ascomycota,Dothideomycetes,Dothideomycetidae,Myriangiales,,Myriangiaceae,,Anhellia,Anhellia nectandrae
M01895:175:000000000-CJJKT:1:1106:7564:18086__kiwi2019__AG0320-763__ITS1F,Eukaryota,Fungi,Dikarya,Basidiomycota,Tremellomycetes,,Tremellales,,,,,
M01895:175:000000000-CJJKT:1:1101:13207:2147__kiwi2019__AG0320-276__ITS1F,Eukaryota,Fungi,Dikarya,Ascomycota,Eurotiomycetes,Chaetothyriomycetidae,Phaeomoniellales,,,,,
M01895:175:000000000-CJJKT:1:2112:12781:19139__kiwi2019__AG0320-641__ITS1F,Eukaryota,Fungi,Dikarya,Ascomycota,Dothideomycetes,Dothideomycetidae,Capnodiales,,Teratosphaeriaceae,,,
M01895:175:000000000-CJJKT:1:1103:6676:4726__kiwi2019__AG0320-304__ITS1F,Eukaryota,Fungi,Dikarya,Basidiomycota,Tremellomycetes,,Cystofilobasidiales,,Mrakiaceae,,Mrakia,
M01895:175:000000000-CJJKT:1:1106:6483:15789__kiwi2019__AG0320-700__ITS1F,Eukaryota,Fungi,Dikarya,Ascomycota,Dothideomycetes,Pleosporomycetidae,Pleosporales,Pleosporineae,,,,
M01895:175:000000000-CJJKT:1:1101:25392:12513__kiwi2019__AG0320-629__ITS1F,Eukaryota,Fungi,Dikarya,Ascomycota,Sordariomycetes,Hypocreomycetidae,Hypocreales,,Clavicipitaceae,,Claviceps,Claviceps purpurea
M01895:175:000000000-CJJKT:1:1102:23379:18859__kiwi2019__AG0320-731__ITS1F,Eukaryota,Fungi,Dikarya,Ascomycota,Dothideomycetes,Dothideomycetidae,Dothideales,,,,,
M01895:175:000000000-CJJKT:1:2113:8929:5575__kiwi2019__AG0320-224__ITS1F,Eukaryota,Fungi,Dikarya,Basidiomycota,Tremellomycetes,,Tremellales,,,,,
M01895:175:000000000-CJJKT:1:2114:9147:24304__kiwi2019__AG0320-627__ITS1F,Eukaryota,Fungi,Dikarya,Ascomycota,Dothideomycetes,Dothideomycetidae,Dothideales,,Saccotheciaceae,,Aureobasidium,
M01895:175:000000000-CJJKT:1:1113:11736:20053__kiwi2019__AG0320-421__ITS1F,Eukaryota,Fungi,Dikarya,Basidiomycota,Tremellomycetes,,Cystofilobasidiales,,Mrakiaceae,,Udeniomyces,
M01895:175:000000000-CJJKT:1:1101:6202:7472__kiwi2019__AG0320-205__ITS1F,Eukaryota,Fungi,Dikarya,Ascomycota,Dothideomycetes,Dothideomycetidae,Dothideales,,Dothioraceae,,Hormonema,
M01895:175:000000000-CJJKT:1:1102:10640:4065__kiwi2019__AG0320-705__ITS1F,Eukaryota,Fungi,Dikarya,Basidiomycota,Tremellomycetes,,Cystofilobasidiales,,Mrakiaceae,,Udeniomyces,Udeniomyces puniceus
M01895:175:000000000-CJJKT:1:1101:16463:8768__kiwi2019__AG0320-687__ITS1F,Eukaryota,Fungi,Dikarya,Ascomycota,,,,,,,,
M01895:175:000000000-CJJKT:1:1101:11982:27148__kiwi2019__AG0320-393__ITS1F,Eukaryota,Fungi,Dikarya,Ascomycota,Dothideomycetes,Dothideomycetidae,Dothideales,,Saccotheciaceae,,Aureobasidium,
M01895:175:000000000-CJJKT:1:1107:27111:19013__kiwi2019__AG0320-047__ITS1F,Eukaryota,Fungi,Dikarya,Basidiomycota,Tremellomycetes,,Tremellales,,Trimorphomycetaceae,,Saitozyma,Saitozyma podzolica
M01895:175:000000000-CJJKT:1:2105:25008:16853__kiwi2019__AG0320-739__ITS1F,Eukaryota,Fungi,Dikarya,Ascomycota,Dothideomycetes,Dothideomycetidae,Dothideales,,,,,
M01895:175:000000000-CJJKT:1:1101:19503:27647__kiwi2019__AG0320-444__ITS1F,Eukaryota,Fungi,Dikarya,Basidiomycota,Tremellomycetes,,Filobasidiales,,Filobasidiaceae,,Filobasidium,Filobasidium oeirense
M01895:175:000000000-CJJKT:1:1109:23899:13516__kiwi2019__AG0320-738__ITS1F,Eukaryota,Fungi,Dikarya,Ascomycota,Dothideomycetes,Dothideomycetidae,Dothideales,,Saccotheciaceae,,Aureobasidium,
M01895:175:000000000-CJJKT:1:1113:11435:25741__kiwi2019__AG0320-739__ITS1F,Eukaryota,Fungi,Dikarya,Ascomycota,Dothideomycetes,Pleosporomycetidae,Pleosporales,Pleosporineae,Pleosporaceae,,Alternaria,
M01895:175:000000000-CJJKT:1:1104:11513:9741__kiwi2019__AG0320-190__ITS1F,Eukaryota,Fungi,Dikarya,Ascomycota,Lecanoromycetes,Lecanoromycetidae,Lecanorales,Lecanorineae,Lecanoraceae,,,
M01895:175:000000000-CJJKT:1:1103:8810:5234__kiwi2019__AG0320-098__ITS1F,Eukaryota,Fungi,Dikarya,Basidiomycota,Agaricomycetes,,Trechisporales,,Hydnodontaceae,,Trechispora,
M01895:175:000000000-CJJKT:1:1101:19756:13412__kiwi2019__AG0320-114__ITS1F,Eukaryota,Fungi,Dikarya,Basidiomycota,Tremellomycetes,,Trichosporonales,,Trichosporonaceae,,,
M01895:175:000000000-CJJKT:1:1105:22570:22434__kiwi2019__AG0320-504__ITS1F,Eukaryota,Fungi,Dikarya,Ascomycota,Sordariomycetes,Xylariomycetidae,Xylariales,,Amphisphaeriaceae,,,
M01895:175:000000000-CJJKT:1:1108:19658:11354__kiwi2019__AG0320-434__ITS1F,Eukaryota,Fungi,Dikarya,Ascomycota,Dothideomycetes,Dothideomycetidae,Capnodiales,,Capnodiaceae,,,
M01895:175:000000000-CJJKT:1:1101:16025:8178__kiwi2019__AG0320-704__ITS1F,Eukaryota,Fungi,Dikarya,Ascomycota,Dothideomycetes,Dothideomycetidae,Dothideales,,Saccotheciaceae,,Aureobasidium,
M01895:175:000000000-CJJKT:1:2107:22989:14249__kiwi2019__AG0320-744__ITS1F,Eukaryota,Fungi,Dikarya,Ascomycota,,,,,,,,
M01895:175:000000000-CJJKT:1:2111:11688:2999__kiwi2019__AG0320-696__ITS1F,Eukaryota,Fungi,Dikarya,Ascomycota,Sordariomycetes,Sordariomycetidae,,,,,,
M01895:175:000000000-CJJKT:1:2101:20201:16323__kiwi2019__AG0320-404__ITS1F,Eukaryota,Fungi,Dikarya,Basidiomycota,Microbotryomycetes,,,,,,Curvibasidium,
M01895:175:000000000-CJJKT:1:2105:9741:13512__kiwi2019__AG0320-421__ITS1F,Eukaryota,Fungi,Dikarya,Basidiomycota,Tremellomycetes,,Tremellales,,Rhynchogastremataceae,,Papiliotrema,Papiliotrema anemochoreius
M01895:175:000000000-CJJKT:1:1114:7812:16410__kiwi2019__AG0320-702__ITS1F,Eukaryota,Fungi,Dikarya,Basidiomycota,Malasseziomycetes,,Malasseziales,,Malasseziaceae,,Malassezia,
M01895:175:000000000-CJJKT:1:2105:17733:10996__kiwi2019__AG0320-114__ITS1F,Eukaryota,Fungi,,Mucoromycota,,,Mortierellales,,Mortierellaceae,,Mortierella,Mortierella hypsicladia
M01895:175:000000000-CJJKT:1:2110:24213:8003__kiwi2019__AG0320-387__ITS1F,Eukaryota,Fungi,Dikarya,Ascomycota,Saccharomycetes,,Saccharomycetales,,Metschnikowiaceae,,Metschnikowia,
M01895:175:000000000-CJJKT:1:2108:12770:5321__kiwi2019__AG0320-513__ITS1F,Eukaryota,Fungi,Dikarya,Ascomycota,Eurotiomycetes,Chaetothyriomycetidae,Chaetothyriales,,,,,
M01895:175:000000000-CJJKT:1:2104:7209:10681__kiwi2019__AG0320-416__ITS1F,Eukaryota,Fungi,Dikarya,Basidiomycota,Tremellomycetes,,Tremellales,,Rhynchogastremataceae,,Papiliotrema,
M01895:175:000000000-CJJKT:1:2102:18987:23417__kiwi2019__AG0320-664__ITS1F,Eukaryota,Fungi,Dikarya,,,,,,,,,
M01895:175:000000000-CJJKT:1:1107:9496:5932__kiwi2019__AG0320-276__ITS1F,Eukaryota,Fungi,Dikarya,Basidiomycota,Tremellomycetes,,,,,,,
M01895:175:000000000-CJJKT:1:1103:18607:20506__kiwi2019__AG0320-200__ITS1F,Eukaryota,Fungi,Dikarya,Basidiomycota,Tremellomycetes,,Tremellales,,,,,
M01895:175:000000000-CJJKT:1:1106:2114:17840__kiwi2019__AG0320-241__ITS1F,Eukaryota,Fungi,Dikarya,Ascomycota,Taphrinomycetes,,Taphrinales,,Taphrinaceae,,Taphrina,
M01895:175:000000000-CJJKT:1:2110:14593:11363__kiwi2019__AG0320-680__ITS1F,Eukaryota,Fungi,Dikarya,Ascomycota,Dothideomycetes,Pleosporomycetidae,Pleosporales,,,,,
M01895:175:000000000-CJJKT:1:1102:9606:6884__kiwi2019__AG0320-776__ITS1F,Eukaryota,Fungi,Dikarya,Basidiomycota,Agaricomycetes,,Polyporales,,,,,
M01895:175:000000000-CJJKT:1:2112:17283:2761__kiwi2019__AG0320-240__ITS1F,Eukaryota,Fungi,Dikarya,Ascomycota,,,,,,,,
M01895:175:000000000-CJJKT:1:1108:14709:21620__kiwi2019__AG0320-519__ITS1F,Eukaryota,Fungi,Dikarya,Ascomycota,Dothideomycetes,Dothideomycetidae,Capnodiales,,Teratosphaeriaceae,,,
M01895:175:000000000-CJJKT:1:1112:11984:17656__kiwi2019__AG0320-201__ITS1F,Eukaryota,Fungi,Dikarya,Ascomycota,Dothideomycetes,Pleosporomycetidae,Pleosporales,Massarineae,Didymosphaeriaceae,,Paraphaeosphaeria,Paraphaeosphaeria michotii
M01895:175:000000000-CJJKT:1:1106:8377:20809__kiwi2019__AG0320-529__ITS1F,Eukaryota,Fungi,Dikarya,Ascomycota,Eurotiomycetes,Eurotiomycetidae,Eurotiales,,Aspergillaceae,,Aspergillus,
M01895:175:000000000-CJJKT:1:1108:6298:7562__kiwi2019__AG0320-771__ITS1F,Eukaryota,Fungi,Dikarya,Ascomycota,,,,,,,,
M01895:175:000000000-CJJKT:1:1106:12222:9270__kiwi2019__AG0320-307__ITS1F,Eukaryota,Fungi,Dikarya,Ascomycota,Taphrinomycetes,,Taphrinales,,Protomycetaceae,,Protomyces,
M01895:175:000000000-CJJKT:1:1114:9271:23279__kiwi2019__AG0320-102__ITS1F,Eukaryota,Fungi,Dikarya,Ascomycota,Dothideomycetes,Pleosporomycetidae,Pleosporales,Pleosporineae,Phaeosphaeriaceae,,Phaeosphaeria,
M01895:175:000000000-CJJKT:1:1104:26230:19588__kiwi2019__AG0320-108__ITS1F,Eukaryota,Fungi,Dikarya,Basidiomycota,Microbotryomycetes,,Leucosporidiales,,Leucosporidiaceae,,Leucosporidium,
M01895:175:000000000-CJJKT:1:1105:7808:6469__kiwi2019__AG0320-664__ITS1F,Eukaryota,Fungi,Dikarya,Basidiomycota,Tremellomycetes,,Tremellales,,Tremellaceae,,Tremella,
M01895:175:000000000-CJJKT:1:2101:13171:16475__kiwi2019__AG0320-046__ITS1F,Eukaryota,Fungi,Dikarya,Ascomycota,,,,,,,,
M01895:175:000000000-CJJKT:1:1108:17211:18126__kiwi2019__AG0320-641__ITS1F,Eukaryota,Fungi,Dikarya,Ascomycota,Dothideomycetes,Pleosporomycetidae,Pleosporales,Pleosporineae,,,,
M01895:175:000000000-CJJKT:1:1110:24300:4513__kiwi2019__AG0320-684__ITS1F,Eukaryota,Fungi,Dikarya,Basidiomycota,Tremellomycetes,,Tremellales,,,,,
M01895:175:000000000-CJJKT:1:2101:9692:19995__kiwi2019__AG0320-807__ITS1F,Eukaryota,Fungi,Dikarya,Basidiomycota,Agaricomycetes,,Polyporales,,Phanerochaetaceae,,Phanerochaete,
M01895:175:000000000-CJJKT:1:1101:11268:11312__kiwi2019__AG0320-430__ITS1F,Eukaryota,Fungi,Dikarya,Basidiomycota,Tremellomycetes,,Cystofilobasidiales,,Cystofilobasidiaceae,,Cystofilobasidium,Cystofilobasidium macerans
M01895:175:000000000-CJJKT:1:2106:8824:9328__kiwi2019__AG0320-735__ITS1F,Eukaryota,Fungi,Dikarya,Ascomycota,Taphrinomycetes,,Taphrinales,,Taphrinaceae,,Taphrina,
M01895:175:000000000-CJJKT:1:1103:7366:9753__kiwi2019__AG0320-685__ITS1F,Eukaryota,Fungi,Dikarya,Ascomycota,Eurotiomycetes,Mycocaliciomycetidae,Mycocaliciales,,Mycocaliciaceae,,Mycocalicium,
M01895:175:000000000-CJJKT:1:1112:10523:19794__kiwi2019__AG0320-208__ITS1F,Eukaryota,Fungi,Dikarya,Ascomycota,Taphrinomycetes,,Taphrinales,,Taphrinaceae,,Taphrina,
M01895:175:000000000-CJJKT:1:2109:8430:7827__kiwi2019__AG0320-603__ITS1F,Eukaryota,Fungi,Dikarya,Ascomycota,Sordariomycetes,Hypocreomycetidae,Hypocreales,,Nectriaceae,,Fusarium,
M01895:175:000000000-CJJKT:1:1109:12213:4664__kiwi2019__AG0320-523__ITS1F,Eukaryota,Fungi,Dikarya,Ascomycota,Leotiomycetes,,,,,,,
M01895:175:000000000-CJJKT:1:2103:11779:6459__kiwi2019__AG0320-308__ITS1F,Eukaryota,Fungi,Dikarya,Basidiomycota,Tremellomycetes,,Tremellales,,Phaeotremellaceae,,Phaeotremella,
M01895:175:000000000-CJJKT:1:2104:18387:6956__kiwi2019__AG0320-775__ITS1F,Eukaryota,Fungi,Dikarya,Ascomycota,,,,,,,,
M01895:175:000000000-CJJKT:1:1105:5783:22346__kiwi2019__AG0320-693__ITS1F,Eukaryota,Fungi,Dikarya,Ascomycota,Taphrinomycetes,,Taphrinales,,Taphrinaceae,,Taphrina,
M01895:175:000000000-CJJKT:1:2113:7862:16993__kiwi2019__AG0320-239__ITS1F,Eukaryota,Fungi,Dikarya,Ascomycota,Eurotiomycetes,Eurotiomycetidae,Eurotiales,,Aspergillaceae,,Penicillium,
M01895:175:000000000-CJJKT:1:2111:26185:11520__kiwi2019__AG0320-246__ITS1F,Eukaryota,Fungi,Dikarya,Basidiomycota,Tremellomycetes,,,,,,,
M01895:175:000000000-CJJKT:1:1102:15452:24837__kiwi2019__AG0320-276__ITS1F,Eukaryota,Fungi,Dikarya,Basidiomycota,Exobasidiomycetes,,Exobasidiales,,,,,
M01895:175:000000000-CJJKT:1:1111:12689:24383__kiwi2019__AG0320-177__ITS1F,Eukaryota,Fungi,Dikarya,Ascomycota,Orbiliomycetes,,Orbiliales,,Orbiliaceae,,,
M01895:175:000000000-CJJKT:1:1108:17788:6755__kiwi2019__AG0320-436__ITS1F,Eukaryota,Fungi,Dikarya,Ascomycota,Dothideomycetes,Pleosporomycetidae,Pleosporales,Pleosporineae,,,,
M01895:175:000000000-CJJKT:1:1113:24042:18664__kiwi2019__AG0320-244__ITS1F,Eukaryota,Fungi,Dikarya,Basidiomycota,Agaricostilbomycetes,,Agaricostilbales,,Agaricostilbaceae,,Sterigmatomyces,
M01895:175:000000000-CJJKT:1:2110:10075:16938__kiwi2019__AG0320-701__ITS1F,Eukaryota,Fungi,Dikarya,Ascomycota,Sordariomycetes,Xylariomycetidae,Xylariales,,Amphisphaeriaceae,,Seimatosporium,
M01895:175:000000000-CJJKT:1:1101:9478:19382__kiwi2019__AG0320-764__ITS1F,Eukaryota,Fungi,Dikarya,Basidiomycota,Microbotryomycetes,,Leucosporidiales,,Leucosporidiaceae,,Leucosporidium,
M01895:175:000000000-CJJKT:1:2109:9064:5931__kiwi2019__AG0320-053__ITS1F,Eukaryota,Fungi,Dikarya,Basidiomycota,Agaricomycetes,Agaricomycetidae,Boletales,Suillineae,Rhizopogonaceae,,Rhizopogon,
M01895:175:000000000-CJJKT:1:1102:16142:7595__kiwi2019__AG0320-597__ITS1F,Eukaryota,Fungi,Dikarya,Ascomycota,Taphrinomycetes,,Taphrinales,,Protomycetaceae,,Protomyces,
M01895:175:000000000-CJJKT:1:2103:16681:18600__kiwi2019__AG0320-047__ITS1F,,,,,,,,,,,,
M01895:175:000000000-CJJKT:1:2113:17193:19482__kiwi2019__AG0320-701__ITS1F,Eukaryota,Fungi,Dikarya,Ascomycota,Sordariomycetes,Xylariomycetidae,Xylariales,,,,,
M01895:175:000000000-CJJKT:1:1109:11985:13396__kiwi2019__AG0320-426__ITS1F,Eukaryota,Fungi,Dikarya,Basidiomycota,Microbotryomycetes,,Leucosporidiales,,Leucosporidiaceae,,Leucosporidium,
M01895:175:000000000-CJJKT:1:2104:13962:11817__kiwi2019__AG0320-421__ITS1F,Eukaryota,Fungi,Dikarya,Basidiomycota,Microbotryomycetes,,,,Chrysozymaceae,,Bannozyma,
M01895:175:000000000-CJJKT:1:2110:6136:14413__kiwi2019__AG0320-075__ITS1F,,,,,,,,,,,,
M01895:175:000000000-CJJKT:1:1107:20918:15944__kiwi2019__AG0320-276__ITS1F,Eukaryota,Fungi,Dikarya,Ascomycota,Dothideomycetes,Pleosporomycetidae,Pleosporales,Pleosporineae,,,,
M01895:175:000000000-CJJKT:1:2103:14105:19859__kiwi2019__AG0320-542__ITS1F,Eukaryota,Fungi,Dikarya,Basidiomycota,Tremellomycetes,,Tremellales,,Phaeotremellaceae,,Phaeotremella,Phaeotremella sp.
M01895:175:000000000-CJJKT:1:2111:14181:2373__kiwi2019__AG0320-677__ITS1F,Eukaryota,Fungi,Dikarya,Ascomycota,,,,,,,,
M01895:175:000000000-CJJKT:1:1111:11823:19542__kiwi2019__AG0320-006__ITS1F,Eukaryota,Fungi,Dikarya,Ascomycota,Sordariomycetes,Hypocreomycetidae,Hypocreales,,Nectriaceae,,,
M01895:175:000000000-CJJKT:1:2114:5602:14707__kiwi2019__AG0320-014__ITS1F,Eukaryota,Fungi,Dikarya,Ascomycota,,,,,,,,
M01895:175:000000000-CJJKT:1:1109:14380:3142__kiwi2019__AG0320-328__ITS1F,Eukaryota,Fungi,Dikarya,Ascomycota,Leotiomycetes,,,,,,,
M01895:175:000000000-CJJKT:1:1114:8595:9143__kiwi2019__AG0320-485__ITS1F,Eukaryota,Fungi,Dikarya,Ascomycota,Saccharomycetes,,Saccharomycetales,,,,,
M01895:175:000000000-CJJKT:1:2104:8706:18013__kiwi2019__AG0320-628__ITS1F,Eukaryota,Fungi,Dikarya,Ascomycota,,,,,,,,
M01895:175:000000000-CJJKT:1:2108:12262:11483__kiwi2019__AG0320-522__ITS1F,Eukaryota,Fungi,Dikarya,Basidiomycota,Microbotryomycetes,,,,,,,
M01895:175:000000000-CJJKT:1:1102:14995:8040__kiwi2019__AG0320-769__ITS1F,,,,,,,,,,,,
M01895:175:000000000-CJJKT:1:1108:22370:17493__kiwi2019__AG0320-664__ITS1F,Eukaryota,Fungi,Dikarya,Basidiomycota,Tremellomycetes,,Tremellales,,,,,
M01895:175:000000000-CJJKT:1:1102:2196:14251__kiwi2019__AG0320-440__ITS1F,Eukaryota,Fungi,Dikarya,Ascomycota,Dothideomycetes,Dothideomycetidae,Capnodiales,,Mycosphaerellaceae,,Ramularia,
M01895:175:000000000-CJJKT:1:1111:14837:16846__kiwi2019__AG0320-031__ITS1F,Eukaryota,Fungi,Dikarya,Ascomycota,Sordariomycetes,Hypocreomycetidae,Hypocreales,,Clavicipitaceae,,Claviceps,Claviceps paspali
M01895:175:000000000-CJJKT:1:1102:21262:19946__kiwi2019__AG0320-693__ITS1F,Eukaryota,Fungi,Dikarya,Ascomycota,Eurotiomycetes,Chaetothyriomycetidae,Chaetothyriales,,Herpotrichiellaceae,,Capronia,
M01895:175:000000000-CJJKT:1:2109:18681:2979__kiwi2019__AG0320-696__ITS1F,Eukaryota,Fungi,Dikarya,Ascomycota,Taphrinomycetes,,Taphrinales,,Taphrinaceae,,Taphrina,
M01895:175:000000000-CJJKT:1:2109:22058:8930__kiwi2019__AG0320-090__ITS1F,Eukaryota,Fungi,Dikarya,Basidiomycota,Agaricostilbomycetes,,Agaricostilbales,,Kondoaceae,,Kondoa,Kondoa aeria
M01895:175:000000000-CJJKT:1:1102:11648:14577__kiwi2019__AG0320-701__ITS1F,Eukaryota,Fungi,Dikarya,Basidiomycota,Malasseziomycetes,,Malasseziales,,Malasseziaceae,,Malassezia,Malassezia restricta
M01895:175:000000000-CJJKT:1:1108:7270:8821__kiwi2019__AG0320-025__ITS1F,Eukaryota,Fungi,Dikarya,Ascomycota,Sordariomycetes,Sordariomycetidae,Sordariales,,Lasiosphaeriaceae,,,
M01895:175:000000000-CJJKT:1:2102:20134:9297__kiwi2019__AG0320-312__ITS1F,Eukaryota,Fungi,Dikarya,Basidiomycota,Malasseziomycetes,,Malasseziales,,Malasseziaceae,,Malassezia,Malassezia globosa
M01895:175:000000000-CJJKT:1:2103:13112:6293__kiwi2019__AG0320-183__ITS1F,Eukaryota,Fungi,Dikarya,Ascomycota,Eurotiomycetes,Chaetothyriomycetidae,Chaetothyriales,,,,,
M01895:175:000000000-CJJKT:1:2114:23418:14626__kiwi2019__AG0320-078__ITS1F,Eukaryota,Fungi,Dikarya,Ascomycota,Dothideomycetes,Dothideomycetidae,Capnodiales,,Cladosporiaceae,,Rachicladosporium,
M01895:175:000000000-CJJKT:1:1109:12556:13484__kiwi2019__AG0320-006__ITS1F,Eukaryota,Fungi,Dikarya,Ascomycota,Eurotiomycetes,Chaetothyriomycetidae,,,,,,
M01895:175:000000000-CJJKT:1:1110:13476:23518__kiwi2019__AG0320-180__ITS1F,Eukaryota,Fungi,Dikarya,Ascomycota,Eurotiomycetes,Chaetothyriomycetidae,,,,,,
M01895:175:000000000-CJJKT:1:2114:12638:8730__kiwi2019__AG0320-698__ITS1F,Eukaryota,Fungi,Dikarya,Basidiomycota,Microbotryomycetes,,Leucosporidiales,,Leucosporidiaceae,,Leucosporidium,Leucosporidium golubevii
M01895:175:000000000-CJJKT:1:1101:9644:24023__kiwi2019__AG0320-720__ITS1F,Eukaryota,Fungi,Dikarya,Ascomycota,Dothideomycetes,Dothideomycetidae,Capnodiales,,Teratosphaeriaceae,,Neocatenulostroma,
M01895:175:000000000-CJJKT:1:1104:4837:22803__kiwi2019__AG0320-663__ITS1F,Eukaryota,Fungi,Dikarya,Basidiomycota,Tremellomycetes,,Filobasidiales,,Piskurozymaceae,,,
M01895:175:000000000-CJJKT:1:1114:20068:13131__kiwi2019__AG0320-177__ITS1F,Eukaryota,Fungi,Dikarya,Ascomycota,Dothideomycetes,Dothideomycetidae,Capnodiales,,Neodevriesiaceae,,Neodevriesia,Neodevriesia capensis
M01895:175:000000000-CJJKT:1:2105:21417:22966__kiwi2019__AG0320-825__ITS1F,Eukaryota,Fungi,Dikarya,Ascomycota,Eurotiomycetes,Eurotiomycetidae,Eurotiales,,Aspergillaceae,,Penicillium,
M01895:175:000000000-CJJKT:1:2113:17901:9069__kiwi2019__AG0320-784__ITS1F,Eukaryota,Fungi,Dikarya,Ascomycota,Dothideomycetes,Dothideomycetidae,Capnodiales,,Mycosphaerellaceae,,,
M01895:175:000000000-CJJKT:1:1102:25304:13134__kiwi2019__AG0320-280__ITS1F,Eukaryota,Fungi,Dikarya,Basidiomycota,Tremellomycetes,,Tremellales,,,,,
M01895:175:000000000-CJJKT:1:1103:25313:7377__kiwi2019__AG0320-716__ITS1F,Eukaryota,Fungi,Dikarya,Ascomycota,Eurotiomycetes,Eurotiomycetidae,Eurotiales,,Trichocomaceae,,Talaromyces,Talaromyces purpureogenus
M01895:175:000000000-CJJKT:1:1111:13834:19384__kiwi2019__AG0320-854__ITS1F,Eukaryota,Fungi,Dikarya,Basidiomycota,Agaricomycetes,,Corticiales,,Corticiaceae,,Limonomyces,Limonomyces culmigenus
M01895:175:000000000-CJJKT:1:1112:16148:21070__kiwi2019__AG0320-114__ITS1F,Eukaryota,Fungi,Dikarya,Ascomycota,Pezizomycetes,,Pezizales,,Ascodesmidaceae,,Cephaliophora,Cephaliophora tropica
M01895:175:000000000-CJJKT:1:1114:9095:14464__kiwi2019__AG0320-622__ITS1F,Eukaryota,Fungi,Dikarya,Ascomycota,Dothideomycetes,,,,,,,
M01895:175:000000000-CJJKT:1:2106:10969:12087__kiwi2019__AG0320-114__ITS1F,Eukaryota,Fungi,Dikarya,Ascomycota,Sordariomycetes,Sordariomycetidae,Sordariales,,Chaetomiaceae,,,
M01895:175:000000000-CJJKT:1:2109:25177:12922__kiwi2019__AG0320-176__ITS1F,Eukaryota,Fungi,Dikarya,Ascomycota,Dothideomycetes,Dothideomycetidae,,,,,,
M01895:175:000000000-CJJKT:1:1112:7712:12969__kiwi2019__AG0320-177__ITS1F,Eukaryota,Fungi,Dikarya,Ascomycota,,,,,,,,
M01895:175:000000000-CJJKT:1:2102:15006:4992__kiwi2019__AG0320-648__ITS1F,Eukaryota,Fungi,Dikarya,Basidiomycota,Tremellomycetes,,Tremellales,,Bulleribasidiaceae,,Vishniacozyma,Vishniacozyma globospora
M01895:175:000000000-CJJKT:1:2107:5131:20384__kiwi2019__AG0320-735__ITS1F,Eukaryota,Fungi,Dikarya,Basidiomycota,,,,,,,,
M01895:175:000000000-CJJKT:1:2114:4974:15394__kiwi2019__AG0320-075__ITS1F,Eukaryota,Fungi,Dikarya,Ascomycota,Sordariomycetes,Hypocreomycetidae,Hypocreales,,Ophiocordycipitaceae,,Hirsutella,
M01895:175:000000000-CJJKT:1:1103:8011:13804__kiwi2019__AG0320-081__ITS1F,Eukaryota,Fungi,Dikarya,Ascomycota,Dothideomycetes,Pleosporomycetidae,Pleosporales,Pleosporineae,Didymellaceae,,,
M01895:175:000000000-CJJKT:1:1107:11158:14343__kiwi2019__AG0320-046__ITS1F,Eukaryota,Fungi,Dikarya,Ascomycota,Eurotiomycetes,Eurotiomycetidae,Eurotiales,,Aspergillaceae,,Aspergillus,
M01895:175:000000000-CJJKT:1:2103:19585:13755__kiwi2019__AG0320-180__ITS1F,Eukaryota,Fungi,Dikarya,Ascomycota,Lecanoromycetes,Lecanoromycetidae,Teloschistales,Teloschistineae,Teloschistaceae,Xanthorioideae,,
M01895:175:000000000-CJJKT:1:2106:21098:25840__kiwi2019__AG0320-079__ITS1F,Eukaryota,Fungi,Dikarya,Ascomycota,Eurotiomycetes,Eurotiomycetidae,Eurotiales,,Aspergillaceae,,Penicillium,
M01895:175:000000000-CJJKT:1:2108:14676:5863__kiwi2019__AG0320-092__ITS1F,Eukaryota,Fungi,Dikarya,Ascomycota,Saccharomycetes,,Saccharomycetales,,Trichomonascaceae,,Blastobotrys,
M01895:175:000000000-CJJKT:1:1102:27120:12504__kiwi2019__AG0320-025__ITS1F,Eukaryota,Fungi,Dikarya,Ascomycota,Dothideomycetes,Pleosporomycetidae,Pleosporales,,,,,
M01895:175:000000000-CJJKT:1:1105:21787:6822__kiwi2019__AG0320-702__ITS1F,Eukaryota,Fungi,Dikarya,Basidiomycota,Agaricomycetes,,Polyporales,,Phanerochaetaceae,,Hyphodermella,
M01895:175:000000000-CJJKT:1:1111:19736:8702__kiwi2019__AG0320-207__ITS1F,Eukaryota,Fungi,Dikarya,Ascomycota,Eurotiomycetes,Chaetothyriomycetidae,Phaeomoniellales,,,,,
M01895:175:000000000-CJJKT:1:1113:9081:7029__kiwi2019__AG0320-664__ITS1F,Eukaryota,Fungi,Dikarya,Basidiomycota,Tremellomycetes,,Tremellales,,,,,
M01895:175:000000000-CJJKT:1:2105:20967:6767__kiwi2019__AG0320-006__ITS1F,Eukaryota,Fungi,Dikarya,Ascomycota,Eurotiomycetes,Chaetothyriomycetidae,,,,,,
M01895:175:000000000-CJJKT:1:2111:16432:9433__kiwi2019__AG0320-024__ITS1F,,,,,,,,,,,,
M01895:175:000000000-CJJKT:1:2112:14917:15213__kiwi2019__AG0320-435__ITS1F,Eukaryota,Fungi,Dikarya,Ascomycota,Dothideomycetes,Dothideomycetidae,Capnodiales,,Cladosporiaceae,,Cladosporium,
M01895:175:000000000-CJJKT:1:1101:28630:12217__kiwi2019__AG0320-200__ITS1F,Eukaryota,Fungi,Dikarya,Basidiomycota,Tremellomycetes,,Cystofilobasidiales,,Cystofilobasidiaceae,,Cystofilobasidium,Cystofilobasidium macerans
M01895:175:000000000-CJJKT:1:1104:12119:14888__kiwi2019__AG0320-663__ITS1F,Eukaryota,Fungi,Dikarya,Ascomycota,Dothideomycetes,Pleosporomycetidae,Pleosporales,Pleosporineae,Didymellaceae,,Epicoccum,
M01895:175:000000000-CJJKT:1:1104:16988:21249__kiwi2019__AG0320-663__ITS1F,Eukaryota,Fungi,Dikarya,Basidiomycota,Tremellomycetes,,Cystofilobasidiales,,Mrakiaceae,,Mrakia,Mrakia aquatica
M01895:175:000000000-CJJKT:1:1107:11822:9226__kiwi2019__AG0320-819__ITS1F,Eukaryota,Fungi,Dikarya,Ascomycota,Dothideomycetes,Pleosporomycetidae,Pleosporales,Pleosporineae,,,,
M01895:175:000000000-CJJKT:1:1102:24030:18020__kiwi2019__AG0320-431__ITS1F,Eukaryota,Fungi,Dikarya,Basidiomycota,Tremellomycetes,,Filobasidiales,,Filobasidiaceae,,Filobasidium,Filobasidium wieringae
M01895:175:000000000-CJJKT:1:1109:18530:18177__kiwi2019__AG0320-410__ITS1F,Eukaryota,Fungi,Dikarya,Basidiomycota,Tremellomycetes,,Tremellales,,,,,
M01895:175:000000000-CJJKT:1:1101:15360:2662__kiwi2019__AG0320-296__ITS1F,Eukaryota,Fungi,Dikarya,Basidiomycota,Tremellomycetes,,Cystofilobasidiales,,Mrakiaceae,,Udeniomyces,
M01895:175:000000000-CJJKT:1:2102:22078:20734__kiwi2019__AG0320-010__ITS1F,Eukaryota,Fungi,Dikarya,Basidiomycota,Agaricomycetes,Agaricomycetidae,Boletales,Suillineae,Rhizopogonaceae,,Rhizopogon,
M01895:175:000000000-CJJKT:1:1101:18722:3106__kiwi2019__AG0320-770__ITS1F,Eukaryota,Fungi,Dikarya,Ascomycota,Taphrinomycetes,,Taphrinales,,Taphrinaceae,,Taphrina,Taphrina sp.
M01895:175:000000000-CJJKT:1:1108:13116:13489__kiwi2019__AG0320-429__ITS1F,Eukaryota,Fungi,Dikarya,Ascomycota,Dothideomycetes,Pleosporomycetidae,Pleosporales,Pleosporineae,Leptosphaeriaceae,,Sphaerellopsis,
M01895:175:000000000-CJJKT:1:1101:4330:15735__kiwi2019__AG0320-671__ITS1F,Eukaryota,Fungi,Dikarya,Basidiomycota,Tremellomycetes,,Tremellales,,Bulleribasidiaceae,,Dioszegia,
M01895:175:000000000-CJJKT:1:1101:11645:4620__kiwi2019__AG0320-737__ITS1F,Eukaryota,Fungi,Dikarya,Ascomycota,Dothideomycetes,Dothideomycetidae,Dothideales,,Saccotheciaceae,,Aureobasidium,
M01895:175:000000000-CJJKT:1:1104:10090:9139__kiwi2019__AG0320-418__ITS1F,Eukaryota,Fungi,Dikarya,Basidiomycota,Microbotryomycetes,,Sporidiobolales,,Sporidiobolaceae,,,
M01895:175:000000000-CJJKT:1:1113:5295:10731__kiwi2019__AG0320-311__ITS1F,Eukaryota,Fungi,Dikarya,Basidiomycota,Tremellomycetes,,Cystofilobasidiales,,Mrakiaceae,,Itersonilia,Itersonilia pannonica
M01895:175:000000000-CJJKT:1:2111:17600:9878__kiwi2019__AG0320-444__ITS1F,Eukaryota,Fungi,Dikarya,Basidiomycota,Tremellomycetes,,Tremellales,,Bulleribasidiaceae,,Vishniacozyma,Vishniacozyma victoriae
M01895:175:000000000-CJJKT:1:1104:28401:14974__kiwi2019__AG0320-279__ITS1F,Eukaryota,Fungi,Dikarya,Basidiomycota,Tremellomycetes,,Tremellales,,Bulleribasidiaceae,,Vishniacozyma,
M01895:175:000000000-CJJKT:1:1110:16517:25281__kiwi2019__AG0320-696__ITS1F,Eukaryota,Fungi,Dikarya,Ascomycota,Dothideomycetes,Pleosporomycetidae,Pleosporales,Pleosporineae,Didymellaceae,,,
M01895:175:000000000-CJJKT:1:2114:6927:20552__kiwi2019__AG0320-516__ITS1F,Eukaryota,Fungi,Dikarya,Ascomycota,Taphrinomycetes,,Taphrinales,,Taphrinaceae,,Taphrina,
M01895:175:000000000-CJJKT:1:2104:29081:12327__kiwi2019__AG0320-195__ITS1F,Eukaryota,Fungi,Dikarya,Ascomycota,Dothideomycetes,Dothideomycetidae,Dothideales,,Saccotheciaceae,,Aureobasidium,
M01895:175:000000000-CJJKT:1:1111:19876:20981__kiwi2019__AG0320-114__ITS1F,Eukaryota,Fungi,Dikarya,Basidiomycota,Tremellomycetes,,Trichosporonales,,Trichosporonaceae,,Trichosporon,
M01895:175:000000000-CJJKT:1:2103:11243:3968__kiwi2019__AG0320-444__ITS1F,Eukaryota,Fungi,Dikarya,Basidiomycota,Tremellomycetes,,Tremellales,,,,,
M01895:175:000000000-CJJKT:1:2106:20751:16516__kiwi2019__AG0320-698__ITS1F,Eukaryota,Fungi,Dikarya,Ascomycota,,,,,,,,
M01895:175:000000000-CJJKT:1:1102:29107:13492__kiwi2019__AG0320-469__ITS1F,Eukaryota,Fungi,Dikarya,Ascomycota,Dothideomycetes,Dothideomycetidae,Dothideales,,Dothioraceae,,Hormonema,
M01895:175:000000000-CJJKT:1:1114:6198:14443__kiwi2019__AG0320-434__ITS1F,Eukaryota,Fungi,Dikarya,Ascomycota,Dothideomycetes,Dothideomycetidae,Capnodiales,,,,,
M01895:175:000000000-CJJKT:1:1101:13064:23853__kiwi2019__AG0320-693__ITS1F,Eukaryota,Fungi,Dikarya,Ascomycota,,,,,,,,
M01895:175:000000000-CJJKT:1:2103:8515:23767__kiwi2019__AG0320-207__ITS1F,Eukaryota,Fungi,Dikarya,Basidiomycota,Tremellomycetes,,Cystofilobasidiales,,Mrakiaceae,,Udeniomyces,Udeniomyces pyricola
M01895:175:000000000-CJJKT:1:2105:14049:5589__kiwi2019__AG0320-246__ITS1F,Eukaryota,Fungi,Dikarya,Ascomycota,Taphrinomycetes,,Taphrinales,,Taphrinaceae,,Taphrina,
M01895:175:000000000-CJJKT:1:2113:13121:4103__kiwi2019__AG0320-664__ITS1F,Eukaryota,Fungi,Dikarya,Basidiomycota,Tremellomycetes,,Tremellales,,,,,
M01895:175:000000000-CJJKT:1:2102:13676:12622__kiwi2019__AG0320-426__ITS1F,Eukaryota,Fungi,Dikarya,Basidiomycota,Tremellomycetes,,Tremellales,,,,,
M01895:175:000000000-CJJKT:1:1101:26684:14053__kiwi2019__AG0320-032__ITS1F,Eukaryota,Fungi,Dikarya,Ascomycota,Dothideomycetes,Pleosporomycetidae,Pleosporales,,Sporormiaceae,,Preussia,
M01895:175:000000000-CJJKT:1:1102:20083:28146__kiwi2019__AG0320-126__ITS1F,Eukaryota,Fungi,Dikarya,Ascomycota,Dothideomycetes,Dothideomycetidae,Dothideales,,Saccotheciaceae,,Aureobasidium,
M01895:175:000000000-CJJKT:1:1106:2176:13189__kiwi2019__AG0320-712__ITS1F,Eukaryota,Fungi,Dikarya,Basidiomycota,Tremellomycetes,,Tremellales,,,,,
M01895:175:000000000-CJJKT:1:1111:8851:20298__kiwi2019__AG0320-698__ITS1F,Eukaryota,Fungi,Dikarya,Ascomycota,Dothideomycetes,Pleosporomycetidae,Pleosporales,Pleosporineae,Cucurbitariaceae,,Neocucurbitaria,
M01895:175:000000000-CJJKT:1:2110:16869:23499__kiwi2019__AG0320-686__ITS1F,Eukaryota,Fungi,Dikarya,Ascomycota,Dothideomycetes,Pleosporomycetidae,Pleosporales,Pleosporineae,Phaeosphaeriaceae,,Phaeosphaeria,Phaeosphaeria culmorum
M01895:175:000000000-CJJKT:1:1112:22744:9612__kiwi2019__AG0320-700__ITS1F,Eukaryota,Fungi,Dikarya,Basidiomycota,Malasseziomycetes,,Malasseziales,,Malasseziaceae,,Malassezia,
M01895:175:000000000-CJJKT:1:1107:12145:18720__kiwi2019__AG0320-704__ITS1F,Eukaryota,Fungi,Dikarya,Ascomycota,Dothideomycetes,Dothideomycetidae,Dothideales,,Saccotheciaceae,,Aureobasidium,
M01895:175:000000000-CJJKT:1:1103:18102:13675__kiwi2019__AG0320-215__ITS1F,Eukaryota,Fungi,Dikarya,Ascomycota,Eurotiomycetes,Chaetothyriomycetidae,Chaetothyriales,,,,,
M01895:175:000000000-CJJKT:1:1101:28238:15637__kiwi2019__AG0320-527__ITS1F,Eukaryota,Fungi,Dikarya,Basidiomycota,Tremellomycetes,,Cystofilobasidiales,,Mrakiaceae,,Phaffia,Phaffia sp. I DP-2012
M01895:175:000000000-CJJKT:1:1111:6948:22883__kiwi2019__AG0320-110__ITS1F,Eukaryota,Fungi,Dikarya,Ascomycota,Dothideomycetes,Dothideomycetidae,Dothideales,,Saccotheciaceae,,Aureobasidium,
M01895:175:000000000-CJJKT:1:2110:14853:21330__kiwi2019__AG0320-444__ITS1F,Eukaryota,Fungi,Dikarya,Basidiomycota,Tremellomycetes,,Cystofilobasidiales,,Cystofilobasidiaceae,,Cystofilobasidium,Cystofilobasidium infirmominiatum
M01895:175:000000000-CJJKT:1:1108:27923:13945__kiwi2019__AG0320-817__ITS1F,Eukaryota,Fungi,Dikarya,Ascomycota,Dothideomycetes,Dothideomycetidae,Dothideales,,Saccotheciaceae,,Aureobasidium,
M01895:175:000000000-CJJKT:1:1104:8687:16421__kiwi2019__AG0320-770__ITS1F,,,,,,,,,,,,
M01895:175:000000000-CJJKT:1:1101:17464:4776__kiwi2019__AG0320-733__ITS1F,Eukaryota,Fungi,Dikarya,Basidiomycota,Tremellomycetes,,Cystofilobasidiales,,Mrakiaceae,,Tausonia,Tausonia pullulans
M01895:175:000000000-CJJKT:1:1108:15236:11486__kiwi2019__AG0320-737__ITS1F,Eukaryota,Fungi,Dikarya,Ascomycota,Dothideomycetes,Dothideomycetidae,Dothideales,,Saccotheciaceae,,Aureobasidium,
M01895:175:000000000-CJJKT:1:1114:21945:10417__kiwi2019__AG0320-782__ITS1F,Eukaryota,Fungi,Dikarya,Basidiomycota,Microbotryomycetes,,Sporidiobolales,,Sporidiobolaceae,,Rhodotorula,
M01895:175:000000000-CJJKT:1:2101:17664:24271__kiwi2019__AG0320-705__ITS1F,Eukaryota,Fungi,Dikarya,Ascomycota,Leotiomycetes,,,,,,,
M01895:175:000000000-CJJKT:1:2109:5471:11722__kiwi2019__AG0320-667__ITS1F,Eukaryota,Fungi,Dikarya,Basidiomycota,Tremellomycetes,,,,,,,
M01895:175:000000000-CJJKT:1:1109:9108:3675__kiwi2019__AG0320-088__ITS1F,Eukaryota,Fungi,Dikarya,Basidiomycota,Malasseziomycetes,,Malasseziales,,Malasseziaceae,,Malassezia,Malassezia globosa
M01895:175:000000000-CJJKT:1:1102:12222:2986__kiwi2019__AG0320-102__ITS1F,Eukaryota,Fungi,Dikarya,Basidiomycota,Agaricomycetes,,Polyporales,,,,Fibroporia,Fibroporia vaillantii
M01895:175:000000000-CJJKT:1:1103:23849:7803__kiwi2019__AG0320-744__ITS1F,Eukaryota,Fungi,Dikarya,Basidiomycota,Cystobasidiomycetes,,,,,,Buckleyzyma,Buckleyzyma aurantiaca
M01895:175:000000000-CJJKT:1:2101:19051:20120__kiwi2019__AG0320-419__ITS1F,Eukaryota,Fungi,Dikarya,Basidiomycota,Tremellomycetes,,Tremellales,,,,,
M01895:175:000000000-CJJKT:1:2110:23184:17708__kiwi2019__AG0320-304__ITS1F,Eukaryota,Fungi,Dikarya,Ascomycota,Dothideomycetes,Dothideomycetidae,Capnodiales,,Teratosphaeriaceae,,,
M01895:175:000000000-CJJKT:1:2111:26730:13039__kiwi2019__AG0320-729__ITS1F,Eukaryota,Fungi,Dikarya,Ascomycota,Dothideomycetes,Dothideomycetidae,Capnodiales,,,,,
M01895:175:000000000-CJJKT:1:2104:12107:3187__kiwi2019__AG0320-240__ITS1F,Eukaryota,Fungi,Dikarya,Basidiomycota,Ustilaginomycetes,,Ustilaginales,,Ustilaginaceae,,Farysia,Farysia acheniorum
M01895:175:000000000-CJJKT:1:1101:14412:22116__kiwi2019__AG0320-315__ITS1F,Eukaryota,Fungi,Dikarya,Ascomycota,Taphrinomycetes,,Taphrinales,,Taphrinaceae,,Taphrina,
M01895:175:000000000-CJJKT:1:1113:12033:7111__kiwi2019__AG0320-609__ITS1F,Eukaryota,Fungi,Dikarya,Ascomycota,Sordariomycetes,Hypocreomycetidae,Hypocreales,,Nectriaceae,,Fusarium,
M01895:175:000000000-CJJKT:1:1101:7323:23666__kiwi2019__AG0320-116__ITS1F,Eukaryota,Fungi,Dikarya,Basidiomycota,Malasseziomycetes,,Malasseziales,,Malasseziaceae,,Malassezia,Malassezia restricta
M01895:175:000000000-CJJKT:1:1101:13881:7503__kiwi2019__AG0320-600__ITS1F,Eukaryota,Fungi,Dikarya,Ascomycota,Sordariomycetes,Hypocreomycetidae,Hypocreales,,Clavicipitaceae,,Claviceps,Claviceps purpurea
M01895:175:000000000-CJJKT:1:2111:17170:23296__kiwi2019__AG0320-183__ITS1F,Eukaryota,Fungi,Dikarya,Ascomycota,Saccharomycetes,,Saccharomycetales,,,,,
M01895:175:000000000-CJJKT:1:1104:26249:23248__kiwi2019__AG0320-080__ITS1F,Eukaryota,Fungi,,Mucoromycota,,,Mortierellales,,Mortierellaceae,,Mortierella,
M01895:175:000000000-CJJKT:1:2106:6612:13444__kiwi2019__AG0320-619__ITS1F,Eukaryota,Fungi,Dikarya,Ascomycota,Sordariomycetes,Hypocreomycetidae,,,,,,
M01895:175:000000000-CJJKT:1:1107:16968:24767__kiwi2019__AG0320-519__ITS1F,Eukaryota,Fungi,Dikarya,Ascomycota,Dothideomycetes,,,,,,,
M01895:175:000000000-CJJKT:1:2102:16054:20681__kiwi2019__AG0320-678__ITS1F,Eukaryota,Fungi,Dikarya,Basidiomycota,Wallemiomycetes,,Wallemiales,,,,Wallemia,
M01895:175:000000000-CJJKT:1:2113:27712:12370__kiwi2019__AG0320-275__ITS1F,Eukaryota,Fungi,Dikarya,Basidiomycota,Ustilaginomycetes,,Ustilaginales,,Ustilaginaceae,,Farysia,
M01895:175:000000000-CJJKT:1:1106:14822:14330__kiwi2019__AG0320-685__ITS1F,Eukaryota,Fungi,Dikarya,Ascomycota,,,,,,,,
M01895:175:000000000-CJJKT:1:1101:28796:20122__kiwi2019__AG0320-775__ITS1F,Eukaryota,Fungi,Dikarya,Ascomycota,Eurotiomycetes,Eurotiomycetidae,Eurotiales,,,,,
M01895:175:000000000-CJJKT:1:1108:29369:15628__kiwi2019__AG0320-030__ITS1F,Eukaryota,Fungi,Dikarya,Ascomycota,Dothideomycetes,Pleosporomycetidae,Pleosporales,,,,,
M01895:175:000000000-CJJKT:1:2102:14035:24679__kiwi2019__AG0320-011__ITS1F,Eukaryota,Fungi,Dikarya,Ascomycota,Dothideomycetes,Pleosporomycetidae,Pleosporales,Pleosporineae,Pleosporaceae,,,
M01895:175:000000000-CJJKT:1:2111:18155:18551__kiwi2019__AG0320-698__ITS1F,Eukaryota,Fungi,Dikarya,Ascomycota,Leotiomycetes,,Helotiales,,Dermateaceae,,Mollisia,Mollisia sp.
M01895:175:000000000-CJJKT:1:1106:25517:25107__kiwi2019__AG0320-529__ITS1F,Eukaryota,Fungi,Dikarya,Basidiomycota,Tremellomycetes,,Cystofilobasidiales,,Mrakiaceae,,Krasilnikovozyma,Krasilnikovozyma huempii
M01895:175:000000000-CJJKT:1:1101:28936:14370__kiwi2019__AG0320-673__ITS1F,Eukaryota,Fungi,Dikarya,Ascomycota,Dothideomycetes,Dothideomycetidae,Capnodiales,,Mycosphaerellaceae,,Ramularia,Ramularia collo-cygni
M01895:175:000000000-CJJKT:1:1112:26119:15262__kiwi2019__AG0320-410__ITS1F,Eukaryota,Fungi,Dikarya,Ascomycota,Dothideomycetes,Dothideomycetidae,Dothideales,,,,,
M01895:175:000000000-CJJKT:1:1101:27523:22736__kiwi2019__AG0320-176__ITS1F,Eukaryota,Fungi,Dikarya,Ascomycota,Dothideomycetes,Pleosporomycetidae,Pleosporales,,,,,
M01895:175:000000000-CJJKT:1:1113:8304:13734__kiwi2019__AG0320-327__ITS1F,Eukaryota,Fungi,Dikarya,Ascomycota,,,,,,,,
M01895:175:000000000-CJJKT:1:1102:24450:10874__kiwi2019__AG0320-419__ITS1F,Eukaryota,Fungi,Dikarya,Basidiomycota,Microbotryomycetes,,,,Chrysozymaceae,,Bannozyma,
M01895:175:000000000-CJJKT:1:2109:10097:15764__kiwi2019__AG0320-214__ITS1F,Eukaryota,Fungi,Dikarya,Ascomycota,Eurotiomycetes,Chaetothyriomycetidae,Chaetothyriales,,,,,
M01895:175:000000000-CJJKT:1:2106:24849:20470__kiwi2019__AG0320-762__ITS1F,Eukaryota,Fungi,Dikarya,Ascomycota,Dothideomycetes,Dothideomycetidae,Dothideales,,,,,
M01895:175:000000000-CJJKT:1:1107:13057:28641__kiwi2019__AG0320-204__ITS1F,Eukaryota,Fungi,Dikarya,Ascomycota,Eurotiomycetes,Chaetothyriomycetidae,Phaeomoniellales,,,,,
M01895:175:000000000-CJJKT:1:2110:18675:12658__kiwi2019__AG0320-673__ITS1F,Eukaryota,Fungi,Dikarya,Ascomycota,Sordariomycetes,Hypocreomycetidae,Hypocreales,,Cordycipitaceae,,Beauveria,
M01895:175:000000000-CJJKT:1:1101:21797:5653__kiwi2019__AG0320-193__ITS1F,Eukaryota,Fungi,Dikarya,Ascomycota,Dothideomycetes,Dothideomycetidae,Dothideales,,Saccotheciaceae,,Aureobasidium,
M01895:175:000000000-CJJKT:1:2104:11411:5086__kiwi2019__AG0320-769__ITS1F,Eukaryota,Fungi,Dikarya,Basidiomycota,Tremellomycetes,,Tremellales,,Bulleribasidiaceae,,Dioszegia,Dioszegia fristingensis
M01895:175:000000000-CJJKT:1:1103:8453:17333__kiwi2019__AG0320-440__ITS1F,Eukaryota,Fungi,Dikarya,Basidiomycota,Tremellomycetes,,Tremellales,,Bulleribasidiaceae,,Dioszegia,Dioszegia hungarica
M01895:175:000000000-CJJKT:1:2112:16574:14101__kiwi2019__AG0320-731__ITS1F,Eukaryota,Fungi,Dikarya,Ascomycota,Leotiomycetes,,,,,,,
M01895:175:000000000-CJJKT:1:2111:13877:3860__kiwi2019__AG0320-229__ITS1F,Eukaryota,Fungi,Dikarya,Ascomycota,Dothideomycetes,Dothideomycetidae,Dothideales,,Saccotheciaceae,,Aureobasidium,
M01895:175:000000000-CJJKT:1:1113:14494:23220__kiwi2019__AG0320-769__ITS1F,Eukaryota,Fungi,Dikarya,Ascomycota,Arthoniomycetes,,Lichenostigmatales,,Phaeococcomycetaceae,,Phaeococcomyces,
M01895:175:000000000-CJJKT:1:2111:17680:21999__kiwi2019__AG0320-735__ITS1F,Eukaryota,Fungi,Dikarya,Basidiomycota,Tremellomycetes,,Tremellales,,,,,
M01895:175:000000000-CJJKT:1:2114:19236:8456__kiwi2019__AG0320-709__ITS1F,Eukaryota,Fungi,Dikarya,Ascomycota,Dothideomycetes,Dothideomycetidae,Dothideales,,Saccotheciaceae,,Aureobasidium,
M01895:175:000000000-CJJKT:1:1112:23235:8804__kiwi2019__AG0320-667__ITS1F,Eukaryota,Fungi,Dikarya,Ascomycota,Sordariomycetes,Hypocreomycetidae,Hypocreales,,,,,
M01895:175:000000000-CJJKT:1:2104:18348:26247__kiwi2019__AG0320-075__ITS1F,Eukaryota,Fungi,Dikarya,Basidiomycota,Exobasidiomycetes,,Exobasidiales,,Exobasidiaceae,,Exobasidium,
M01895:175:000000000-CJJKT:1:1101:19256:4276__kiwi2019__AG0320-081__ITS1F,Eukaryota,Fungi,,Mucoromycota,,,Mortierellales,,Mortierellaceae,,Mortierella,
M01895:175:000000000-CJJKT:1:1111:20229:27622__kiwi2019__AG0320-795__ITS1F,Eukaryota,Fungi,Dikarya,Ascomycota,,,,,,,Retiarius,
M01895:175:000000000-CJJKT:1:1109:27591:11918__kiwi2019__AG0320-698__ITS1F,Eukaryota,Fungi,Dikarya,Ascomycota,Sordariomycetes,Xylariomycetidae,Xylariales,,Sporocadaceae,,Pestalotiopsis,
M01895:175:000000000-CJJKT:1:1110:19778:17619__kiwi2019__AG0320-527__ITS1F,Eukaryota,Fungi,Dikarya,Basidiomycota,Microbotryomycetes,,,,,,Curvibasidium,
M01895:175:000000000-CJJKT:1:1109:18663:21608__kiwi2019__AG0320-770__ITS1F,Eukaryota,Fungi,Dikarya,Ascomycota,,,,,,,,
M01895:175:000000000-CJJKT:1:1105:22275:21521__kiwi2019__AG0320-232__ITS1F,,,,,,,,,,,,
M01895:175:000000000-CJJKT:1:1109:19313:9321__kiwi2019__AG0320-006__ITS1F,Eukaryota,Fungi,Dikarya,Ascomycota,Eurotiomycetes,Eurotiomycetidae,Eurotiales,,Aspergillaceae,,Penicillium,
M01895:175:000000000-CJJKT:1:1103:11738:10281__kiwi2019__AG0320-782__ITS1F,Eukaryota,Fungi,Dikarya,Basidiomycota,Agaricomycetes,,Polyporales,,Polyporaceae,,Trametes,Trametes versicolor
M01895:175:000000000-CJJKT:1:1106:13591:1890__kiwi2019__AG0320-142__ITS1F,Eukaryota,Fungi,Dikarya,Basidiomycota,Tremellomycetes,,Trichosporonales,,Trichosporonaceae,,Trichosporon,
M01895:175:000000000-CJJKT:1:1114:10314:21405__kiwi2019__AG0320-527__ITS1F,Eukaryota,Fungi,Dikarya,Ascomycota,Taphrinomycetes,,Taphrinales,,Taphrinaceae,,Taphrina,
M01895:175:000000000-CJJKT:1:2108:10293:15079__kiwi2019__AG0320-619__ITS1F,Eukaryota,Fungi,Dikarya,Basidiomycota,Ustilaginomycetes,,Ustilaginales,,Ustilaginaceae,,Farysia,Farysia acheniorum
M01895:175:000000000-CJJKT:1:1107:13121:28328__kiwi2019__AG0320-081__ITS1F,Eukaryota,Fungi,Dikarya,Basidiomycota,Tremellomycetes,,Trichosporonales,,Trichosporonaceae,,,
M01895:175:000000000-CJJKT:1:2104:15512:26208__kiwi2019__AG0320-700__ITS1F,Eukaryota,Fungi,Dikarya,Ascomycota,,,,,,,,
M01895:175:000000000-CJJKT:1:1107:10398:20580__kiwi2019__AG0320-032__ITS1F,Eukaryota,Fungi,Dikarya,Basidiomycota,Agaricomycetes,,Trechisporales,,Hydnodontaceae,,Trechispora,
M01895:175:000000000-CJJKT:1:1114:15801:7562__kiwi2019__AG0320-190__ITS1F,Eukaryota,Fungi,Dikarya,Ascomycota,Lecanoromycetes,Lecanoromycetidae,Lecanorales,Lecanorineae,Parmeliaceae,,,
M01895:175:000000000-CJJKT:1:2104:25402:24132__kiwi2019__AG0320-663__ITS1F,Eukaryota,Fungi,Dikarya,Ascomycota,,,,,,,,
M01895:175:000000000-CJJKT:1:2106:11794:22123__kiwi2019__AG0320-282__ITS1F,Eukaryota,Fungi,Dikarya,Basidiomycota,Tremellomycetes,,Tremellales,,,,,
M01895:175:000000000-CJJKT:1:2111:24374:8148__kiwi2019__AG0320-627__ITS1F,Eukaryota,Fungi,Dikarya,Basidiomycota,Cystobasidiomycetes,,Erythrobasidiales,,Erythrobasidiaceae,,Bannoa,
M01895:175:000000000-CJJKT:1:1107:16815:25502__kiwi2019__AG0320-677__ITS1F,Eukaryota,Fungi,Dikarya,Ascomycota,,,,,,,,
M01895:175:000000000-CJJKT:1:1112:12320:7120__kiwi2019__AG0320-795__ITS1F,Eukaryota,Fungi,Dikarya,Basidiomycota,Agaricomycetes,,Polyporales,,Irpicaceae,,Flavodon,
M01895:175:000000000-CJJKT:1:2102:6219:5654__kiwi2019__AG0320-262__ITS1F,Eukaryota,Fungi,Dikarya,Ascomycota,Sordariomycetes,Xylariomycetidae,Xylariales,,Xylariaceae,,Ascotricha,
M01895:175:000000000-CJJKT:1:1110:13228:6510__kiwi2019__AG0320-436__ITS1F,Eukaryota,Fungi,Dikarya,Ascomycota,Taphrinomycetes,,Taphrinales,,Taphrinaceae,,Taphrina,Taphrina wiesneri
M01895:175:000000000-CJJKT:1:2108:3826:19033__kiwi2019__AG0320-180__ITS1F,Eukaryota,Fungi,Dikarya,Ascomycota,,,,,,,,
M01895:175:000000000-CJJKT:1:1102:19038:17063__kiwi2019__AG0320-683__ITS1F,Eukaryota,Fungi,Dikarya,Ascomycota,,,,,,,,
M01895:175:000000000-CJJKT:1:1109:6968:17739__kiwi2019__AG0320-030__ITS1F,Eukaryota,Fungi,Dikarya,Ascomycota,Dothideomycetes,Dothideomycetidae,Capnodiales,,,,,
M01895:175:000000000-CJJKT:1:1101:22838:19494__kiwi2019__AG0320-046__ITS1F,Eukaryota,Fungi,Dikarya,Ascomycota,Sordariomycetes,Sordariomycetidae,Sordariales,,,,,
M01895:175:000000000-CJJKT:1:1105:19875:8751__kiwi2019__AG0320-006__ITS1F,Eukaryota,Fungi,Dikarya,Ascomycota,Eurotiomycetes,Eurotiomycetidae,Eurotiales,,Aspergillaceae,,Penicillium,
M01895:175:000000000-CJJKT:1:1108:18914:13507__kiwi2019__AG0320-273__ITS1F,Eukaryota,Fungi,Dikarya,Basidiomycota,Cystobasidiomycetes,,Erythrobasidiales,,Erythrobasidiaceae,,Erythrobasidium,
M01895:175:000000000-CJJKT:1:1112:19708:4961__kiwi2019__AG0320-014__ITS1F,Eukaryota,Fungi,,Mucoromycota,,,Mortierellales,,Mortierellaceae,,Mortierella,
M01895:175:000000000-CJJKT:1:2102:9141:25994__kiwi2019__AG0320-030__ITS1F,Eukaryota,Fungi,Dikarya,Basidiomycota,Tremellomycetes,,Trichosporonales,,Trichosporonaceae,,,
M01895:175:000000000-CJJKT:1:2105:22680:13611__kiwi2019__AG0320-505__ITS1F,Eukaryota,Fungi,Dikarya,Basidiomycota,Microbotryomycetes,,,,,,,
M01895:175:000000000-CJJKT:1:1108:22898:5900__kiwi2019__AG0320-722__ITS1F,Eukaryota,Fungi,Dikarya,Ascomycota,Sordariomycetes,Xylariomycetidae,Xylariales,,Diatrypaceae,,Eutypa,Eutypa lata
M01895:175:000000000-CJJKT:1:1109:25470:17804__kiwi2019__AG0320-768__ITS1F,Eukaryota,Fungi,Dikarya,Ascomycota,Leotiomycetes,,,,,,,
M01895:175:000000000-CJJKT:1:2108:4902:12254__kiwi2019__AG0320-469__ITS1F,Eukaryota,Fungi,Dikarya,Ascomycota,Dothideomycetes,,,,,,,
M01895:175:000000000-CJJKT:1:1101:22484:15463__kiwi2019__AG0320-279__ITS1F,Eukaryota,Fungi,Dikarya,Basidiomycota,Tremellomycetes,,Trichosporonales,,Trichosporonaceae,,,
M01895:175:000000000-CJJKT:1:1104:18585:8638__kiwi2019__AG0320-675__ITS1F,Eukaryota,Fungi,Dikarya,Basidiomycota,Tremellomycetes,,Tremellales,,Phaeotremellaceae,,Phaeotremella,
M01895:175:000000000-CJJKT:1:1108:5977:20601__kiwi2019__AG0320-025__ITS1F,Eukaryota,Fungi,Dikarya,Ascomycota,Sordariomycetes,,Trichosphaeriales,,Trichosphaeriaceae,,Nigrospora,
M01895:175:000000000-CJJKT:1:2104:23368:22556__kiwi2019__AG0320-504__ITS1F,Eukaryota,Fungi,Dikarya,Ascomycota,,,,,,,,
M01895:175:000000000-CJJKT:1:2111:14001:9704__kiwi2019__AG0320-701__ITS1F,Eukaryota,Fungi,Dikarya,Basidiomycota,Agaricomycetes,,Corticiales,,Corticiaceae,,Peniophorella,Peniophorella pertenuis
M01895:175:000000000-CJJKT:1:2114:19342:23663__kiwi2019__AG0320-780__ITS1F,Eukaryota,Fungi,Dikarya,Ascomycota,Eurotiomycetes,Eurotiomycetidae,Eurotiales,,Aspergillaceae,,Penicillium,
M01895:175:000000000-CJJKT:1:1102:26457:8445__kiwi2019__AG0320-688__ITS1F,Eukaryota,Fungi,Dikarya,Ascomycota,Saccharomycetes,,Saccharomycetales,,,,,
M01895:175:000000000-CJJKT:1:1106:16718:16389__kiwi2019__AG0320-006__ITS1F,Eukaryota,Fungi,Dikarya,Ascomycota,Eurotiomycetes,Chaetothyriomycetidae,Chaetothyriales,,,,,
M01895:175:000000000-CJJKT:1:1112:13121:12661__kiwi2019__AG0320-244__ITS1F,Eukaryota,Fungi,Dikarya,Ascomycota,Saccharomycetes,,Saccharomycetales,,,,,
M01895:175:000000000-CJJKT:1:1112:17464:9052__kiwi2019__AG0320-618__ITS1F,Eukaryota,Fungi,Dikarya,Basidiomycota,Ustilaginomycetes,,Ustilaginales,,Ustilaginaceae,,Farysia,
M01895:175:000000000-CJJKT:1:2103:16872:22595__kiwi2019__AG0320-528__ITS1F,Eukaryota,Fungi,Dikarya,Basidiomycota,Tremellomycetes,,Tremellales,,,,,
M01895:175:000000000-CJJKT:1:2109:18851:2891__kiwi2019__AG0320-275__ITS1F,Eukaryota,Fungi,Dikarya,Basidiomycota,Tremellomycetes,,Tremellales,,Rhynchogastremataceae,,Papiliotrema,Papiliotrema flavescens
M01895:175:000000000-CJJKT:1:1101:11497:5470__kiwi2019__AG0320-094__ITS1F,Eukaryota,Fungi,Dikarya,Basidiomycota,Tremellomycetes,,Trichosporonales,,Trichosporonaceae,,,
M01895:175:000000000-CJJKT:1:1114:21454:21486__kiwi2019__AG0320-431__ITS1F,Eukaryota,Fungi,Dikarya,Ascomycota,,,,,,,,
M01895:175:000000000-CJJKT:1:2106:11159:4345__kiwi2019__AG0320-738__ITS1F,Eukaryota,Fungi,Dikarya,Basidiomycota,Tremellomycetes,,Tremellales,,Bulleraceae,,Fonsecazyma,Fonsecazyma betulae
M01895:175:000000000-CJJKT:1:2110:17741:12634__kiwi2019__AG0320-748__ITS1F,Eukaryota,Fungi,Dikarya,Basidiomycota,Microbotryomycetes,,Leucosporidiales,,Leucosporidiaceae,,Leucosporidium,Leucosporidium fragarium
M01895:175:000000000-CJJKT:1:1103:3199:18162__kiwi2019__AG0320-162__ITS1F,Eukaryota,Fungi,Dikarya,Ascomycota,Dothideomycetes,Pleosporomycetidae,Pleosporales,Pleosporineae,Phaeosphaeriaceae,,Sclerostagonospora,
M01895:175:000000000-CJJKT:1:1105:18045:10507__kiwi2019__AG0320-525__ITS1F,Eukaryota,Fungi,Dikarya,Ascomycota,,,,,,,,
M01895:175:000000000-CJJKT:1:2103:12150:8058__kiwi2019__AG0320-190__ITS1F,Eukaryota,Fungi,Dikarya,Ascomycota,,,,,,,,
M01895:175:000000000-CJJKT:1:2104:16672:22037__kiwi2019__AG0320-277__ITS1F,Eukaryota,Fungi,Dikarya,Ascomycota,Sordariomycetes,,,,,,,
M01895:175:000000000-CJJKT:1:2107:22208:9087__kiwi2019__AG0320-690__ITS1F,Eukaryota,Fungi,Dikarya,Ascomycota,Sordariomycetes,Xylariomycetidae,Xylariales,,Amphisphaeriaceae,,Seimatosporium,
M01895:175:000000000-CJJKT:1:1101:8301:10586__kiwi2019__AG0320-183__ITS1F,Eukaryota,Fungi,Dikarya,Ascomycota,Dothideomycetes,Dothideomycetidae,Myriangiales,,Elsinoaceae,,Elsinoe,
M01895:175:000000000-CJJKT:1:1102:9533:23503__kiwi2019__AG0320-592__ITS1F,Eukaryota,Fungi,Dikarya,Basidiomycota,Exobasidiomycetes,,Entylomatales,,,,Tilletiopsis,
M01895:175:000000000-CJJKT:1:1107:20574:24056__kiwi2019__AG0320-506__ITS1F,Eukaryota,Fungi,Dikarya,Basidiomycota,Tremellomycetes,,,,,,,
M01895:175:000000000-CJJKT:1:1111:19966:5300__kiwi2019__AG0320-769__ITS1F,Eukaryota,Fungi,Dikarya,Ascomycota,Dothideomycetes,Dothideomycetidae,Capnodiales,,Teratosphaeriaceae,,,
M01895:175:000000000-CJJKT:1:2103:17049:22276__kiwi2019__AG0320-272__ITS1F,Eukaryota,Fungi,Dikarya,Ascomycota,Taphrinomycetes,,Taphrinales,,Taphrinaceae,,Taphrina,
M01895:175:000000000-CJJKT:1:2110:13275:6957__kiwi2019__AG0320-047__ITS1F,Eukaryota,Fungi,Dikarya,Ascomycota,Sordariomycetes,Hypocreomycetidae,,,,,,