seqname,samplename,species,seq,birdname,bandnumber,runname,overallrunname,collectiondate,time,area,site,microsite,sex,age,weight,freshness ,size_of_sample,urine,coccidiosis,captive,collector,ethanol?,captivity,coccidiosis_data
AG0320-001,AROMAL1,kiwi,kiwi1,,,1,1,43485,0.291666667,Motuarohia,,short cut trash,NA,NA,NA,,,,NA,FALSE,Malin,yes,wild,unavailable
AG0320-002,AROMAL2,kiwi,kiwi2 ,,,2,2,43485,0.381944444,Motuarohia,,,NA,NA,NA,,,,NA,FALSE,Malin,yes,wild,unavailable
AG0320-003,AROMAL3,kiwi,kiwi3,,,3,3,43485,0.416666667,Motuarohia,,,NA,NA,NA,,,,NA,FALSE,Malin,yes,wild,unavailable
AG0320-004,AROISA3,kiwi,kiwi4,,,4,4,43485,0.458333333,Motuarohia,,,NA,NA,NA,,,,NA,FALSE,Isabel,yes,wild,unavailable
AG0320-005,AROISA2,kiwi,kiwi5,,,5,5,43485,0.4375,Motuarohia,,,NA,NA,NA,,,,NA,FALSE,Isabel,yes,wild,unavailable
AG0320-006,AROISA4,kiwi,kiwi6,,,6,6,43486,0.340972222,Motuarohia,,,NA,NA,NA,,,,NA,FALSE,Isabel,yes,wild,unavailable
AG0320-007,AROMAL4,kiwi,kiwi7,,,7,7,43486,0.375,Motuarohia,,,NA,NA,NA,,,,NA,FALSE,Isabel,yes,wild,unavailable
AG0320-008,AROISA5,kiwi,kiwi8,,,8,8,43486,0.395833333,Motuarohia,,,NA,NA,NA,,,,NA,FALSE,Isabel,yes,wild,unavailable
AG0320-009,AROISA6,kiwi,kiwi9,,,9,9,43486,0.409027778,Motuarohia,,,NA,NA,NA,,,,NA,FALSE,Isabel,yes,wild,unavailable
AG0320-010,AROISA7,kiwi,kiwi10,,,10,10,43486,,Motuarohia,,,NA,NA,NA,,,,NA,FALSE,Isabel,yes,wild,unavailable
AG0320-011,AROMAL5,kiwi,kiwi11,,,11,11,43487,0.3125,Motuarohia,,,NA,NA,NA,,,,NA,FALSE,Malin,yes,wild,unavailable
AG0320-012,AROMAL6,kiwi,kiwi12,,,12,12,43487,0.333333333,Motuarohia,,,NA,NA,NA,,,,NA,FALSE,Malin,yes,wild,unavailable
AG0320-013,AROMAL7,kiwi,kiwi13,,,13,13,43487,0.347222222,Motuarohia,,,NA,NA,NA,,,,NA,FALSE,Malin,yes,wild,unavailable
AG0320-014,AROISA8,kiwi,kiwi14,,,14,14,43487,0.375,Motuarohia,,,NA,NA,NA,,,,NA,FALSE,Isabel,yes,wild,unavailable
AG0320-015,AROISA10,kiwi,kiwi15,,,15,15,43487,0.395833333,Motuarohia,,,NA,NA,NA,,,,NA,FALSE,Isabel,yes,wild,unavailable
AG0320-016,RUAMAL1,kiwi,kiwi16,,,16,16,43488,0.395833333,Moturua,,,NA,NA,NA,,,,NA,FALSE,Malin,yes,wild,unavailable
AG0320-017,RUAMAL2,kiwi,kiwi17,,,17,17,43489,0.354166667,Moturua,,,NA,NA,NA,,,,NA,FALSE,Malin,yes,wild,unavailable
AG0320-018,RUAMAL4,kiwi,kiwi18,,,18,18,43489,0.541666667,Moturua,,,NA,NA,NA,,,,NA,FALSE,Malin,yes,wild,unavailable
AG0320-019,PON001,kiwi,kiwi19,Ana Maria,,19,19,43546,,Ponui,,TX33,NA,NA,NA,,,,NA,FALSE,,yes,wild,unavailable
AG0320-020,PON002,kiwi,kiwi20,Dale,,20,20,43545,,Ponui,,,NA,NA,NA,,,,NA,FALSE,,yes,wild,unavailable
AG0320-021,PON003,kiwi,kiwi21,Jacob,,21,21,43543,,Ponui,,,NA,NA,NA,,,,NA,FALSE,,yes,wild,unavailable
AG0320-022,RAKISA2,kiwi,kiwi22,,,22,22,43480,0.625,Rakaumangamanga,,WAITUI,NA,NA,NA,,,,NA,FALSE,Isabel,yes,wild,unavailable
AG0320-023,RAKISA4,kiwi,kiwi23,,,23,23,43482,,Rakaumangamanga,,,NA,NA,NA,,,,NA,FALSE,Isabel,yes,wild,unavailable
AG0320-024,RAKISA7,kiwi,kiwi24,,,24,24,,,Rakaumangamanga,,,NA,NA,NA,,,,NA,FALSE,Isabel,yes,wild,unavailable
AG0320-025,PON1,kiwi,kiwi25,,,25,25,43573,0.340277778,Ponui,camp,camp restroom,NA,NA,NA,fresh,,,NA,FALSE,,yes,wild,unavailable
AG0320-026,PON2,kiwi,kiwi26,,,26,26,43573,0.34375,Ponui,camp,camp restroom,NA,NA,NA,fresh,,,NA,FALSE,,yes,wild,unavailable
AG0320-027,PON3,kiwi,kiwi27,,,27,27,43573,0.349305556,Ponui,camp,camp restroom,NA,NA,NA,fresh,,none,NA,FALSE,,yes,wild,unavailable
AG0320-028,PON4,kiwi,kiwi28,,,28,28,43573,0.375,Ponui,farm,implement shed,NA,NA,NA,med fresh,,,NA,FALSE,,yes,wild,unavailable
AG0320-029,PON5,kiwi,kiwi29,,,29,29,43573,0.541666667,Ponui,Kauri Bush,forest,NA,NA,NA,med fresh,small,,NA,FALSE,,yes,wild,unavailable
AG0320-030,PON6,kiwi,kiwi30,,,30,30,43574,0.328472222,Ponui,Kauri Bush,swamp paddock,NA,NA,NA,fresh,,some,NA,FALSE,,yes,wild,unavailable
AG0320-031,PON7,kiwi,kiwi31,,,31,31,43574,0.328472222,Ponui,Kauri Bush,swamp paddock,NA,NA,NA,med fresh,,,NA,FALSE,,yes,wild,unavailable
AG0320-032,PON8,kiwi,kiwi32,,,32,32,43574,0.340277778,Ponui,Kauri Bush,swamp paddock,NA,NA,NA,fresh,small,,NA,FALSE,,yes,wild,unavailable
AG0320-033,PON9,kiwi,kiwi33,,,33,33,43574,0.340277778,Ponui,Kauri Bush,swamp paddock,NA,NA,NA,very fresh,,some,NA,FALSE,,yes,wild,unavailable
AG0320-034,PON10,kiwi,kiwi34,,,34,34,43574,0.347222222,Ponui,Kauri Bush,swamp paddock,NA,NA,NA,,,,NA,FALSE,,yes,wild,unavailable
AG0320-035,PON11,kiwi,kiwi35,,,35,35,43574,0.354166667,Ponui,Red Stony Hill Gully,,NA,NA,NA,,,,NA,FALSE,,yes,wild,unavailable
AG0320-036,PON12,kiwi,kiwi36,,,36,36,43574,0.354166667,Ponui,Red Stony Hill Gully,,NA,NA,NA,,,,NA,FALSE,,yes,wild,unavailable
AG0320-037,PON13,kiwi,kiwi37,,,37,37,43574,0.3625,Ponui,Red Stony Hill Gully,,NA,NA,NA,bit fresh,,,NA,FALSE,,yes,wild,unavailable
AG0320-038,PON14,kiwi,kiwi38,,,38,38,43574,0.391666667,Ponui,Red Stony Hill Gully,,NA,NA,NA,bit fresh,small,,NA,FALSE,,yes,wild,unavailable
AG0320-039,PON15,kiwi,kiwi39,,,39,39,43574,0.427083333,Ponui,Red Stony Hill Gully,near fork,NA,NA,NA,,small,,NA,FALSE,,yes,wild,unavailable
AG0320-040,PON16,kiwi,kiwi40,,,40,40,43574,0.434027778,Ponui,Red Stony Hill Gully,in burrow,NA,NA,NA,bit fresh,,,NA,FALSE,,yes,wild,unavailable
AG0320-041,PON17,kiwi,kiwi41,,,41,41,43574,0.511111111,Ponui,Red Stony Hill Gully,Isa's crossing,NA,NA,NA,bit fresh,,,NA,FALSE,,yes,wild,unavailable
AG0320-042,PON18,kiwi,kiwi42,,,42,42,43574,0.577083333,Ponui,Pipe Gully,pipe fork,NA,NA,NA,bit fresh,,,NA,FALSE,,yes,wild,unavailable
AG0320-043,PON19,kiwi,kiwi43,,,43,43,43574,0.577083333,Ponui,Pipe Gully,pipe fork,NA,NA,NA,bit fresh,,,NA,FALSE,,yes,wild,unavailable
AG0320-044,PON20,kiwi,kiwi44,,,44,44,43575,0.339583333,Ponui,farm,beehive paddock,NA,NA,NA,,,,NA,FALSE,,yes,wild,unavailable
AG0320-045,PON21,kiwi,kiwi45,,,45,45,43575,0.340277778,Ponui,farm,beehive paddock,NA,NA,NA,,small,,NA,FALSE,,yes,wild,unavailable
AG0320-046,PON22,kiwi,kiwi46,,,46,46,43575,0.349305556,Ponui,Pipe Gully,beehive paddock,NA,NA,NA,,,,NA,FALSE,,yes,wild,unavailable
AG0320-047,PON23,kiwi,kiwi47,,,47,47,43575,0.352777778,Ponui,Pipe Gully,beehive paddock,NA,NA,NA,,,,NA,FALSE,,yes,wild,unavailable
AG0320-048,PON24,kiwi,kiwi48,,,48,48,43575,0.365972222,Ponui,Pipe Gully,,NA,NA,NA,bit fresh,,a lot,NA,FALSE,,yes,wild,unavailable
AG0320-049,PON25,kiwi,kiwi49,,,49,49,43575,0.365972222,Ponui,Pipe Gully,,NA,NA,NA,bit fresh,,,NA,FALSE,,yes,wild,unavailable
AG0320-050,PON26,kiwi,kiwi50,,,50,50,43575,0.372916667,Ponui,Pipe Gully,,NA,NA,NA,fresh,small,,NA,FALSE,,yes,wild,unavailable
AG0320-051,PON27,kiwi,kiwi51,,,51,51,43575,0.377777778,Ponui,Pipe Gully,,NA,NA,NA,,small,some,NA,FALSE,,yes,wild,unavailable
AG0320-052,PON28,kiwi,kiwi52,,,52,52,43575,0.377777778,Ponui,Pipe Gully,,NA,NA,NA,very fresh,,,NA,FALSE,,yes,wild,unavailable
AG0320-053,PON29,kiwi,kiwi53,,,53,53,43575,0.384027778,Ponui,Pipe Gully,,NA,NA,NA,,,,NA,FALSE,,yes,wild,unavailable
AG0320-054,PON30,kiwi,kiwi54,,,54,54,43575,0.395833333,Ponui,Pipe Gully,pipe bush,NA,NA,NA,,,,NA,FALSE,,yes,wild,unavailable
AG0320-055,PON31,kiwi,kiwi55,,,55,55,43575,0.405555556,Ponui,Pipe Gully,pipe bush,NA,NA,NA,med fresh,,some,NA,FALSE,,yes,wild,unavailable
AG0320-056,PON32,kiwi,kiwi56,,,56,56,43575,0.416666667,Ponui,Pipe Gully,pipe bush,NA,NA,NA,,small,a lot,NA,FALSE,,yes,wild,unavailable
AG0320-057,PON33,kiwi,kiwi57,,,57,57,43575,0.427083333,Ponui,Pipe Gully,pipe bush,NA,NA,NA,,small,,NA,FALSE,,yes,wild,unavailable
AG0320-058,PON34,kiwi,kiwi58,,,58,58,43575,0.428472222,Ponui,Pipe Gully,ants palace,NA,NA,NA,,,,NA,FALSE,,yes,wild,unavailable
AG0320-059,PON35,kiwi,kiwi59,,,59,59,43575,0.434027778,Ponui,Pipe Gully,ants palace,NA,NA,NA,,,,NA,FALSE,,yes,wild,unavailable
AG0320-060,PON36,kiwi,kiwi60,,,60,60,43575,0.434027778,Ponui,Pipe Gully,ants palace,NA,NA,NA,med fresh,,,NA,FALSE,,yes,wild,unavailable
AG0320-061,PON37,kiwi,kiwi61,,,61,61,43575,0.434027778,Ponui,Pipe Gully,ants palace,NA,NA,NA,med fresh,,,NA,FALSE,,yes,wild,unavailable
AG0320-062,PON38,kiwi,kiwi62,,,62,62,43575,0.4375,Ponui,Pipe Gully,P30,NA,NA,NA,,,,NA,FALSE,,yes,wild,unavailable
AG0320-063,PON39,kiwi,kiwi63,,,63,63,43575,0.503472222,Ponui,Red Stony Hill Gully,,NA,NA,NA,med fresh,small,,NA,FALSE,,yes,wild,unavailable
AG0320-064,PON40,kiwi,kiwi64,,,64,64,43576,,Ponui,,,NA,NA,NA,,,,NA,FALSE,,yes,wild,unavailable
AG0320-065,PON41,kiwi,kiwi65,,,65,65,43576,,Ponui,,,NA,NA,NA,,,,NA,FALSE,,yes,wild,unavailable
AG0320-066,MALPUK1,kiwi,kiwi66,,,66,66,43539,,Puketi,,,NA,NA,NA,,,,NA,FALSE,,yes,wild,unavailable
AG0320-067,MALPUK4,kiwi,kiwi67,,,67,67,43549,,Puketi,,,NA,NA,NA,,,,NA,FALSE,,yes,wild,unavailable
AG0320-068,MALPUK5,kiwi,kiwi68,,,68,68,43549,,Puketi,,,NA,NA,NA,,,,NA,FALSE,,yes,wild,unavailable
AG0320-069,NC,control,PL1DNANC,,,69,69,,,,,,,,,,,,NA,FALSE,,no,wild,unavailable
AG0320-070,NC,control,PL1PCR1NC,,,70,70,,,,,,,,,,,,NA,FALSE,,no,wild,unavailable
AG0320-071,NC,control,PL1PCR2NC,,,71,71,,,,,,,,,,,,NA,FALSE,,no,wild,unavailable
AG0320-072,PC,control,PL1PC,,,72,72,,,,,,,,,,,,NA,FALSE,,no,wild,unavailable
AG0320-073,tieke1,tieke,tieke1,,D204346,1,73,43563,,,,,,,,,,,NA,FALSE,BP,yes,wild,unavailable
AG0320-074,tieke2,tieke,tieke2,,D204335,2,74,43557,,,,,,,,,,,NA,FALSE,BP,yes,wild,unavailable
AG0320-075,tieke3,tieke,tieke3,,D204352,3,75,43563,,,,,,,,,,,NA,FALSE,BP,yes,wild,unavailable
AG0320-076,tieke4,tieke,tieke4,,204333,4,76,43557,,,,,,,,,,,NA,FALSE,BP,yes,wild,unavailable
AG0320-077,tieke5,tieke,tieke5,,204347,5,77,,,,,,,,,,,,NA,FALSE,,yes,wild,unavailable
AG0320-078,tieke6,tieke,tieke6,,D204350,6,78,43564,,,,,,,,,,,NA,FALSE,,yes,wild,unavailable
AG0320-079,tieke7,tieke,tieke7,,D204346,7,79,43564,,,,,,,,,,,NA,FALSE,BP,yes,wild,unavailable
AG0320-080,tieke8,tieke,tieke8,,YM-GY,8,80,43557,,,,,,,,,,,NA,FALSE,BP,yes,wild,unavailable
AG0320-081,tieke9,tieke,tieke9,,D204321,9,81,,,,,,,,,,,,NA,FALSE,,no,wild,unavailable
AG0320-082,tieke10,tieke,tieke10,,D204334,10,82,43557,,,,,,,,,,,NA,FALSE,BP,no,wild,unavailable
AG0320-083,tieke11,tieke,tieke11,,D204328,11,83,,,,,,,,,,,,NA,FALSE,,no,wild,unavailable
AG0320-084,tieke12,tieke,tieke12,,D204350,12,84,43564,,,,,,,,,,,NA,FALSE,,no,wild,unavailable
AG0320-085,NC,control,TDNANC,,,13,85,,,,,,,,,,,,NA,FALSE,,no,wild,unavailable
AG0320-086,NC,control,TPCR1NC,,,14,86,,,,,,,,,,,,NA,FALSE,,no,wild,unavailable
AG0320-087,PC,control,TPCRPC,,,15,87,,,,,,,,,,,,NA,FALSE,,no,wild,unavailable
AG0320-088,RAIN9,kiwi,kiwi88,Candie,Pk.Sap2,1,88,43584,,National Kiwi Hatchery,Brooder-NKH,brooder bed box,NA,16,323,unknown,,,FALSE,TRUE,,yes,captive,negative
AG0320-089,RAIN8,kiwi,kiwi89,Hokey Pokey,Mt.Snz9,2,89,43584,,National Kiwi Hatchery,Brooder-NKH,brooder bed box,NA,32,581,unknown,,,FALSE,TRUE,,yes,captive,negative
AG0320-090,RAIN2,kiwi,kiwi90,Winx,Tk.Win1,3,90,43581,,National Kiwi Hatchery,Brooder-NKH,brooder bed box,NA,25,459,unknown,,,FALSE,TRUE,,yes,captive,negative
AG0320-091,RAIN19,kiwi,kiwi91,Bennett,Mt.Chr6,4,91,43585,,National Kiwi Hatchery,Crash Palace,bed box,NA,NA,1119,fresh,,,TRUE,TRUE,,yes,captive,positive
AG0320-092,RAIN7,kiwi,kiwi92,Lilo,Tk.Hol8,5,92,43583,,National Kiwi Hatchery,Brooder-NKH,brooder bed box,NA,23,452,very fresh,,,FALSE,TRUE,,yes,captive,negative
AG0320-093,RAIN33,kiwi,kiwi93,Chico,Mn.Arp7,6,93,43588,,National Kiwi Hatchery,Brooder-NKH,scrub top,NA,22,430,very fresh,,,FALSE,TRUE,,yes,captive,negative
AG0320-094,RAIN29,kiwi,kiwi94,Tuft,Mt.Prn3,7,94,43587,,National Kiwi Hatchery,Crash Palace,carry box,NA,NA,845,unknown,,,TRUE,TRUE,,yes,captive,positive
AG0320-095,RAIN1,kiwi,kiwi95,Lahar,W.X1C,8,95,43580,,National Kiwi Hatchery,Rumpus-NKH,brooder bed box,NA,NA,543,fresh,,,TRUE,TRUE,,yes,captive,positive
AG0320-096,RAIN34,kiwi,kiwi96,Hokey Pokey,Mt.Snz9,9,96,43588,,National Kiwi Hatchery,Brooder-NKH,bed box,NA,36,649,fresh,,,FALSE,TRUE,,yes,captive,negative
AG0320-097,RAIN3,kiwi,kiwi97,Lahar,W.X1C,10,97,43581,,National Kiwi Hatchery,Rumpus-NKH,brooder bed box,NA,NA,558,fresh,,,TRUE,TRUE,,yes,captive,positive
AG0320-098,RAIN27,kiwi,kiwi98,Basil,Mt.Sh43,11,98,43587,,National Kiwi Hatchery,Crash Palace,carry box,NA,NA,1005,unknown,,,TRUE,TRUE,,yes,captive,positive
AG0320-099,RAIN24,kiwi,kiwi99,Bennett,Mt.Chr6,12,99,43587,,National Kiwi Hatchery,Crash Palace,carry box,NA,NA,1119,unknown,,,TRUE,TRUE,,yes,captive,positive
AG0320-100,RAIN15,kiwi,kiwi100,Lilo,Tk.Hol8,13,100,43584,,National Kiwi Hatchery,Brooder-NKH,brooder bed box,NA,24,471,fresh,,,FALSE,TRUE,,yes,captive,negative
AG0320-101,RAIN12,kiwi,kiwi101,Saracen,Pk.Tmo10,14,101,43584,,National Kiwi Hatchery,Crash Palace,bed box,NA,NA,1115,fresh,,,TRUE,TRUE,,yes,captive,positive
AG0320-102,RAIN30,kiwi,kiwi102,Zelda,Mt.Snz8,15,102,43587,,National Kiwi Hatchery,Crash Palace,carry box,NA,NA,808,unknown,,,TRUE,TRUE,,yes,captive,positive
AG0320-103,RAIN32,kiwi,kiwi103,Guacamole,Pk.Tgo6,16,103,43587,,National Kiwi Hatchery,Crash Palace,carry box,NA,NA,961,unknown,,,TRUE,TRUE,,yes,captive,positive
AG0320-104,RAIN20,kiwi,kiwi104,Candie,Pk.Sap2,17,104,43585,,National Kiwi Hatchery,Brooder-NKH,bed box,NA,17,334,fresh,,,FALSE,TRUE,,yes,captive,negative
AG0320-105,RAIN31,kiwi,kiwi105,Toffee Pop,Mt.Ts46,18,105,43587,,National Kiwi Hatchery,Crash Palace,carry box,NA,NA,1002,unknown,,,TRUE,TRUE,,yes,captive,positive
AG0320-106,RAIN10,kiwi,kiwi106,Dojo,Mt.Nor12,19,106,43584,,National Kiwi Hatchery,Rumpus-NKH,brooder bed box,female,75,1149,very fresh,,,TRUE,TRUE,,yes,captive,positive
AG0320-107,RAIN26,kiwi,kiwi107,Dojo,Mt.Nor12,20,107,43587,,National Kiwi Hatchery,Crash Palace,carry box,NA,NA,1178,unknown,,,TRUE,TRUE,,yes,captive,positive
AG0320-108,RAIN17,kiwi,kiwi108,Basil,Mt.Sh43,21,108,43585,,National Kiwi Hatchery,Crash Palace,bed box,NA,NA,1005,fresh,,,TRUE,TRUE,,yes,captive,positive
AG0320-109,RAIN14,kiwi,kiwi109,Chico,Mn.Arp7,22,109,43584,,National Kiwi Hatchery,Brooder-NKH,brooder,NA,18,379,fresh,,,FALSE,TRUE,,yes,captive,negative
AG0320-110,RAIN5,kiwi,kiwi110,Candie,Pk.Sap2,23,110,43583,,National Kiwi Hatchery,Brooder-NKH,brooder bed box,NA,15,310,very fresh,,,FALSE,TRUE,,yes,captive,negative
AG0320-111,RAIN16,kiwi,kiwi111,Hokey Pokey,Mt.Snz9,24,111,43585,,National Kiwi Hatchery,Brooder-NKH,bed box,NA,33,610,fresh,,,FALSE,TRUE,,yes,captive,negative
AG0320-112,RAIN25,kiwi,kiwi112,Roam,Mt.Wu52,25,112,43587,,National Kiwi Hatchery,Crash Palace,carry box,NA,NA,967,unknown,,,TRUE,TRUE,,yes,captive,positive
AG0320-113,RAIN6,kiwi,kiwi113,Chico,Mn.Arp7,26,113,43583,,National Kiwi Hatchery,Brooder-NKH,brooder bed box,NA,17,370,fresh,,,FALSE,TRUE,,yes,captive,negative
AG0320-114,RAIN35,kiwi,kiwi114,Basil,Mt.Sh43,27,114,43588,,National Kiwi Hatchery,Crash Palace,bed box,NA,NA,1005,unknown,,,TRUE,TRUE,,yes,captive,positive
AG0320-115,RAIN23,kiwi,kiwi115,Guacamole,Pk.Tgo6,28,115,43586,,National Kiwi Hatchery,Crash Palace,bed box,NA,NA,961,fresh,,,TRUE,TRUE,,yes,captive,positive
AG0320-116,RAIN13,kiwi,kiwi116,Guacamole,Pk.Tgo6,29,116,43584,,National Kiwi Hatchery,Crash Palace,bed box,NA,NA,961,fresh,,,TRUE,TRUE,,yes,captive,positive
AG0320-117,RAIN18,kiwi,kiwi117,Saracen,Pk.Tmo10,30,117,43585,,National Kiwi Hatchery,Crash Palace,bed box,NA,NA,1115,fresh,,,TRUE,TRUE,,yes,captive,positive
AG0320-118,RAIN28,kiwi,kiwi118,Saracen,Pk.Tmo10,31,118,43587,,National Kiwi Hatchery,Crash Palace,carry box,NA,NA,1115,unknown,,,TRUE,TRUE,,yes,captive,positive
AG0320-119,RAIN11,kiwi,kiwi119,Bennett,Mt.Chr6,32,119,43584,,National Kiwi Hatchery,Crash Palace,bed box,female,NA,1119,fresh,,,TRUE,TRUE,,yes,captive,positive
AG0320-120,RAIN21,kiwi,kiwi120,Lilo,Tk.Hol8,33,120,43585,,National Kiwi Hatchery,Brooder-NKH,bed box,NA,25,477,very fresh,,,FALSE,TRUE,,yes,captive,negative
AG0320-121,RAIN4,kiwi,kiwi121,Lahar,W.X1C,34,121,43582,,National Kiwi Hatchery,Rumpus-NKH,brooder bed box,NA,NA,565,fresh,,,TRUE,TRUE,,yes,captive,positive
AG0320-122,RAIN22,kiwi,kiwi122,Bennett,Mt.Chr6,35,122,43586,,National Kiwi Hatchery,Crash Palace,bed box,NA,NA,1119,fresh,,,TRUE,TRUE,,yes,captive,positive
AG0320-123,SAMPLE2,kiwi,kiwi123,,,36,123,43591,,Otorohanga Kiwi House,nocturnal house,,NA,,,,,,NA,TRUE,,yes,captive,unavailable
AG0320-124,RESCUE,kiwi,kiwi124,,,37,124,43529,,Otorohanga Kiwi House,,,NA,120,850,unknown,,,NA,TRUE,,yes,captive,unavailable
AG0320-125,SAMPLE1A,kiwi,kiwi125,,,38,125,43590,,Otorohanga Kiwi House,nocturnal house,,NA,545,,,,,NA,TRUE,,yes,captive,unavailable
AG0320-126,NC,control,PL2DNANC,,,39,126,,,,,,,,,,,,,FALSE,,no,captive,unavailable
AG0320-127,NC,control,PL2PCR1NC,,,40,127,,,,,,,,,,,,,FALSE,,no,captive,unavailable
AG0320-128,,flower,nec1,,,,,,,,,,,,,,,,,FALSE,,,FALSE,
AG0320-129,,flower,nec2,,,,,,,,,,,,,,,,,FALSE,,,FALSE,
AG0320-130,,flower,nec3,,,,,,,,,,,,,,,,,FALSE,,,FALSE,
AG0320-131,,flower,nec4,,,,,,,,,,,,,,,,,FALSE,,,FALSE,
AG0320-132,,flower,nec5,,,,,,,,,,,,,,,,,FALSE,,,FALSE,
AG0320-133,,flower,nec6,,,,,,,,,,,,,,,,,FALSE,,,FALSE,
AG0320-134,,flower,nec7,,,,,,,,,,,,,,,,,FALSE,,,FALSE,
AG0320-135,,flower,nec8,,,,,,,,,,,,,,,,,FALSE,,,FALSE,
AG0320-136,,flower,nec9,,,,,,,,,,,,,,,,,FALSE,,,FALSE,
AG0320-137,,flower,nec10,,,,,,,,,,,,,,,,,FALSE,,,FALSE,
AG0320-138,,flower,nec11,,,,,,,,,,,,,,,,,FALSE,,,FALSE,
AG0320-139,,flower,nec12,,,,,,,,,,,,,,,,,FALSE,,,FALSE,
AG0320-140,,flower,nec13,,,,,,,,,,,,,,,,,FALSE,,,FALSE,
AG0320-141,,flower,nec14,,,,,,,,,,,,,,,,,FALSE,,,FALSE,
AG0320-142,,flower,nec15,,,,,,,,,,,,,,,,,FALSE,,,FALSE,
AG0320-143,,flower,nec16,,,,,,,,,,,,,,,,,FALSE,,,FALSE,
AG0320-144,,flower,nec17,,,,,,,,,,,,,,,,,FALSE,,,FALSE,
AG0320-145,,flower,nec18,,,,,,,,,,,,,,,,,FALSE,,,FALSE,
AG0320-146,,flower,nec19,,,,,,,,,,,,,,,,,FALSE,,,FALSE,
AG0320-147,,flower,nec20,,,,,,,,,,,,,,,,,FALSE,,,FALSE,
AG0320-148,,flower,nec21,,,,,,,,,,,,,,,,,FALSE,,,FALSE,
AG0320-149,,flower,nec22,,,,,,,,,,,,,,,,,FALSE,,,FALSE,
AG0320-150,,flower,nec23,,,,,,,,,,,,,,,,,FALSE,,,FALSE,
AG0320-151,,flower,nec24,,,,,,,,,,,,,,,,,FALSE,,,FALSE,
AG0320-152,,flower,nec25,,,,,,,,,,,,,,,,,FALSE,,,FALSE,
AG0320-153,,flower,nec26,,,,,,,,,,,,,,,,,FALSE,,,FALSE,
AG0320-154,,flower,nec27,,,,,,,,,,,,,,,,,FALSE,,,FALSE,
AG0320-155,,flower,nec28,,,,,,,,,,,,,,,,,FALSE,,,FALSE,
AG0320-156,,flower,nec29,,,,,,,,,,,,,,,,,FALSE,,,FALSE,
AG0320-157,,flower,nec30,,,,,,,,,,,,,,,,,FALSE,,,FALSE,
AG0320-158,,flower,nec31,,,,,,,,,,,,,,,,,FALSE,,,FALSE,
AG0320-159,,flower,nec32,,,,,,,,,,,,,,,,,FALSE,,,FALSE,
AG0320-160,,flower,nec33,,,,,,,,,,,,,,,,,FALSE,,,FALSE,
AG0320-161,,flower,nec34,,,,,,,,,,,,,,,,,FALSE,,,FALSE,
AG0320-162,,flower,nec35,,,,,,,,,,,,,,,,,FALSE,,,FALSE,
AG0320-163,,flower,nec36,,,,,,,,,,,,,,,,,FALSE,,,FALSE,
AG0320-164,,flower,nec37,,,,,,,,,,,,,,,,,FALSE,,,FALSE,
AG0320-165,,flower,nec38,,,,,,,,,,,,,,,,,FALSE,,,FALSE,
AG0320-166,,flower,nec39,,,,,,,,,,,,,,,,,FALSE,,,FALSE,
AG0320-167,,flower,nec40,,,,,,,,,,,,,,,,,FALSE,,,FALSE,
AG0320-168,,flower,nec41,,,,,,,,,,,,,,,,,FALSE,,,FALSE,
AG0320-169,,flower,nec42,,,,,,,,,,,,,,,,,FALSE,,,FALSE,
AG0320-170,,flower,nec43,,,,,,,,,,,,,,,,,FALSE,,,FALSE,
AG0320-171,,flower,nec44,,,,,,,,,,,,,,,,,FALSE,,,FALSE,
AG0320-172,,flower,nec45,,,,,,,,,,,,,,,,,FALSE,,,FALSE,
AG0320-173,,flower,nec46,,,,,,,,,,,,,,,,,FALSE,,,FALSE,
AG0320-174,,flower,nec47,,,,,,,,,,,,,,,,,FALSE,,,FALSE,
AG0320-175,,flower,nec48,,,,,,,,,,,,,,,,,FALSE,,,FALSE,
AG0320-176,,flower,nec49,,,,,,,,,,,,,,,,,FALSE,,,FALSE,
AG0320-177,,flower,nec50,,,,,,,,,,,,,,,,,FALSE,,,FALSE,
AG0320-178,,flower,nec51,,,,,,,,,,,,,,,,,FALSE,,,FALSE,
AG0320-179,,flower,nec52,,,,,,,,,,,,,,,,,FALSE,,,FALSE,
AG0320-180,,flower,nec53,,,,,,,,,,,,,,,,,FALSE,,,FALSE,
AG0320-181,,flower,nec54,,,,,,,,,,,,,,,,,FALSE,,,FALSE,
AG0320-182,,flower,nec55,,,,,,,,,,,,,,,,,FALSE,,,FALSE,
AG0320-183,,flower,nec56,,,,,,,,,,,,,,,,,FALSE,,,FALSE,
AG0320-184,,flower,nec57,,,,,,,,,,,,,,,,,FALSE,,,FALSE,
AG0320-185,,flower,nec58,,,,,,,,,,,,,,,,,FALSE,,,FALSE,
AG0320-186,,flower,nec59,,,,,,,,,,,,,,,,,FALSE,,,FALSE,
AG0320-187,,flower,nec60,,,,,,,,,,,,,,,,,FALSE,,,FALSE,
AG0320-188,,flower,nec61,,,,,,,,,,,,,,,,,FALSE,,,FALSE,
AG0320-189,,flower,nec62,,,,,,,,,,,,,,,,,FALSE,,,FALSE,
AG0320-190,,flower,nec63,,,,,,,,,,,,,,,,,FALSE,,,FALSE,
AG0320-191,,flower,nec64,,,,,,,,,,,,,,,,,FALSE,,,FALSE,
AG0320-192,,flower,nec65,,,,,,,,,,,,,,,,,FALSE,,,FALSE,
AG0320-193,,flower,nec66,,,,,,,,,,,,,,,,,FALSE,,,FALSE,
AG0320-194,,flower,nec67,,,,,,,,,,,,,,,,,FALSE,,,FALSE,
AG0320-195,,flower,nec68,,,,,,,,,,,,,,,,,FALSE,,,FALSE,
AG0320-196,,flower,nec69,,,,,,,,,,,,,,,,,FALSE,,,FALSE,
AG0320-197,,flower,nec70,,,,,,,,,,,,,,,,,FALSE,,,FALSE,
AG0320-198,,flower,nec71,,,,,,,,,,,,,,,,,FALSE,,,FALSE,
AG0320-199,,flower,nec72,,,,,,,,,,,,,,,,,FALSE,,,FALSE,
AG0320-200,,flower,nec73,,,,,,,,,,,,,,,,,FALSE,,,FALSE,
AG0320-201,,flower,nec74,,,,,,,,,,,,,,,,,FALSE,,,FALSE,
AG0320-202,,flower,nec75,,,,,,,,,,,,,,,,,FALSE,,,FALSE,
AG0320-203,,flower,nec76,,,,,,,,,,,,,,,,,FALSE,,,FALSE,
AG0320-204,,flower,nec77,,,,,,,,,,,,,,,,,FALSE,,,FALSE,
AG0320-205,,flower,nec78,,,,,,,,,,,,,,,,,FALSE,,,FALSE,
AG0320-206,,flower,nec79,,,,,,,,,,,,,,,,,FALSE,,,FALSE,
AG0320-207,,flower,nec80,,,,,,,,,,,,,,,,,FALSE,,,FALSE,
AG0320-208,,flower,nec81,,,,,,,,,,,,,,,,,FALSE,,,FALSE,
AG0320-209,,flower,nec82,,,,,,,,,,,,,,,,,FALSE,,,FALSE,
AG0320-210,,flower,nec83,,,,,,,,,,,,,,,,,FALSE,,,FALSE,
AG0320-211,,flower,nec84,,,,,,,,,,,,,,,,,FALSE,,,FALSE,
AG0320-212,,flower,nec85,,,,,,,,,,,,,,,,,FALSE,,,FALSE,
AG0320-213,,flower,nec86,,,,,,,,,,,,,,,,,FALSE,,,FALSE,
AG0320-214,,flower,nec87,,,,,,,,,,,,,,,,,FALSE,,,FALSE,
AG0320-215,,flower,nec88,,,,,,,,,,,,,,,,,FALSE,,,FALSE,
AG0320-216,,flower,nec89,,,,,,,,,,,,,,,,,FALSE,,,FALSE,
AG0320-217,,flower,nec90,,,,,,,,,,,,,,,,,FALSE,,,FALSE,
AG0320-218,,flower,nec91,,,,,,,,,,,,,,,,,FALSE,,,FALSE,
AG0320-219,,flower,nec92,,,,,,,,,,,,,,,,,FALSE,,,FALSE,
AG0320-220,,flower,nec93,,,,,,,,,,,,,,,,,FALSE,,,FALSE,
AG0320-221,,flower,nec94,,,,,,,,,,,,,,,,,FALSE,,,FALSE,
AG0320-222,,flower,ntpl1NC,,,,,,,,,,,,,,,,,FALSE,,,FALSE,
AG0320-223,,flower,ntpl1NC2,,,,,,,,,,,,,,,,,FALSE,,,FALSE,
AG0320-224,,flower,nec97,,,,,,,,,,,,,,,,,FALSE,,,FALSE,
AG0320-225,,flower,nec98,,,,,,,,,,,,,,,,,FALSE,,,FALSE,
AG0320-226,,flower,nec99,,,,,,,,,,,,,,,,,FALSE,,,FALSE,
AG0320-227,,flower,nec100,,,,,,,,,,,,,,,,,FALSE,,,FALSE,
AG0320-228,,flower,nec101,,,,,,,,,,,,,,,,,FALSE,,,FALSE,
AG0320-229,,flower,nec102,,,,,,,,,,,,,,,,,FALSE,,,FALSE,
AG0320-230,,flower,nec103,,,,,,,,,,,,,,,,,FALSE,,,FALSE,
AG0320-231,,flower,nec104,,,,,,,,,,,,,,,,,FALSE,,,FALSE,
AG0320-232,,flower,nec105,,,,,,,,,,,,,,,,,FALSE,,,FALSE,
AG0320-233,,flower,nec106,,,,,,,,,,,,,,,,,FALSE,,,FALSE,
AG0320-234,,flower,nec107,,,,,,,,,,,,,,,,,FALSE,,,FALSE,
AG0320-235,,flower,nec108,,,,,,,,,,,,,,,,,FALSE,,,FALSE,
AG0320-236,,flower,nec109,,,,,,,,,,,,,,,,,FALSE,,,FALSE,
AG0320-237,,flower,nec110,,,,,,,,,,,,,,,,,FALSE,,,FALSE,
AG0320-238,,flower,nec111,,,,,,,,,,,,,,,,,FALSE,,,FALSE,
AG0320-239,,flower,nec112,,,,,,,,,,,,,,,,,FALSE,,,FALSE,
AG0320-240,,flower,nec122,,,,,,,,,,,,,,,,,FALSE,,,FALSE,
AG0320-241,,flower,nec123,,,,,,,,,,,,,,,,,FALSE,,,FALSE,
AG0320-242,,flower,nec124,,,,,,,,,,,,,,,,,FALSE,,,FALSE,
AG0320-243,,flower,nec125,,,,,,,,,,,,,,,,,FALSE,,,FALSE,
AG0320-244,,flower,nec126,,,,,,,,,,,,,,,,,FALSE,,,FALSE,
AG0320-245,,flower,nec127,,,,,,,,,,,,,,,,,FALSE,,,FALSE,
AG0320-246,,flower,nec128,,,,,,,,,,,,,,,,,FALSE,,,FALSE,
AG0320-247,,flower,nec129,,,,,,,,,,,,,,,,,FALSE,,,FALSE,
AG0320-248,,flower,nec130,,,,,,,,,,,,,,,,,FALSE,,,FALSE,
AG0320-249,,flower,nec131,,,,,,,,,,,,,,,,,FALSE,,,FALSE,
AG0320-250,,flower,nec132,,,,,,,,,,,,,,,,,FALSE,,,FALSE,
AG0320-251,,flower,nec133,,,,,,,,,,,,,,,,,FALSE,,,FALSE,
AG0320-252,,flower,nec134,,,,,,,,,,,,,,,,,FALSE,,,FALSE,
AG0320-253,,flower,nec135,,,,,,,,,,,,,,,,,FALSE,,,FALSE,
AG0320-254,,flower,nec136,,,,,,,,,,,,,,,,,FALSE,,,FALSE,
AG0320-255,,flower,nec137,,,,,,,,,,,,,,,,,FALSE,,,FALSE,
AG0320-256,,flower,nec138,,,,,,,,,,,,,,,,,FALSE,,,FALSE,
AG0320-257,,flower,nec139,,,,,,,,,,,,,,,,,FALSE,,,FALSE,
AG0320-258,,flower,nec140,,,,,,,,,,,,,,,,,FALSE,,,FALSE,
AG0320-259,,flower,nec141,,,,,,,,,,,,,,,,,FALSE,,,FALSE,
AG0320-260,,flower,nec142,,,,,,,,,,,,,,,,,FALSE,,,FALSE,
AG0320-261,,flower,nec143,,,,,,,,,,,,,,,,,FALSE,,,FALSE,
AG0320-262,,flower,nec144,,,,,,,,,,,,,,,,,FALSE,,,FALSE,
AG0320-263,,flower,nec145,,,,,,,,,,,,,,,,,FALSE,,,FALSE,
AG0320-264,,flower,nec146,,,,,,,,,,,,,,,,,FALSE,,,FALSE,
AG0320-265,,flower,nec147,,,,,,,,,,,,,,,,,FALSE,,,FALSE,
AG0320-266,,flower,nec148,,,,,,,,,,,,,,,,,FALSE,,,FALSE,
AG0320-267,,flower,nec149,,,,,,,,,,,,,,,,,FALSE,,,FALSE,
AG0320-268,,flower,nec150,,,,,,,,,,,,,,,,,FALSE,,,FALSE,
AG0320-269,,flower,nec151,,,,,,,,,,,,,,,,,FALSE,,,FALSE,
AG0320-270,,flower,nec152,,,,,,,,,,,,,,,,,FALSE,,,FALSE,
AG0320-271,,flower,nec153,,,,,,,,,,,,,,,,,FALSE,,,FALSE,
AG0320-272,,flower,nec154,,,,,,,,,,,,,,,,,FALSE,,,FALSE,
AG0320-273,,flower,nec155,,,,,,,,,,,,,,,,,FALSE,,,FALSE,
AG0320-274,,flower,nec156,,,,,,,,,,,,,,,,,FALSE,,,FALSE,
AG0320-275,,flower,nec157,,,,,,,,,,,,,,,,,FALSE,,,FALSE,
AG0320-276,,flower,nec158,,,,,,,,,,,,,,,,,FALSE,,,FALSE,
AG0320-277,,flower,nec159,,,,,,,,,,,,,,,,,FALSE,,,FALSE,
AG0320-278,,flower,nec160,,,,,,,,,,,,,,,,,FALSE,,,FALSE,
AG0320-279,,flower,nec161,,,,,,,,,,,,,,,,,FALSE,,,FALSE,
AG0320-280,,flower,nec162,,,,,,,,,,,,,,,,,FALSE,,,FALSE,
AG0320-281,,flower,nec163,,,,,,,,,,,,,,,,,FALSE,,,FALSE,
AG0320-282,,flower,nec164,,,,,,,,,,,,,,,,,FALSE,,,FALSE,
AG0320-283,,flower,nec165,,,,,,,,,,,,,,,,,FALSE,,,FALSE,
AG0320-284,,flower,nec166,,,,,,,,,,,,,,,,,FALSE,,,FALSE,
AG0320-285,,flower,nec167,,,,,,,,,,,,,,,,,FALSE,,,FALSE,
AG0320-286,,flower,nec168,,,,,,,,,,,,,,,,,FALSE,,,FALSE,
AG0320-287,,flower,nec169,,,,,,,,,,,,,,,,,FALSE,,,FALSE,
AG0320-288,,flower,nec170,,,,,,,,,,,,,,,,,FALSE,,,FALSE,
AG0320-289,,flower,nec171,,,,,,,,,,,,,,,,,FALSE,,,FALSE,
AG0320-290,,flower,nec172,,,,,,,,,,,,,,,,,FALSE,,,FALSE,
AG0320-291,,flower,nec173,,,,,,,,,,,,,,,,,FALSE,,,FALSE,
AG0320-292,,flower,nec174,,,,,,,,,,,,,,,,,FALSE,,,FALSE,
AG0320-293,,flower,nec175,,,,,,,,,,,,,,,,,FALSE,,,FALSE,
AG0320-294,,flower,nec176,,,,,,,,,,,,,,,,,FALSE,,,FALSE,
AG0320-295,,flower,nec177,,,,,,,,,,,,,,,,,FALSE,,,FALSE,
AG0320-296,,flower,nec178,,,,,,,,,,,,,,,,,FALSE,,,FALSE,
AG0320-297,,flower,nec179,,,,,,,,,,,,,,,,,FALSE,,,FALSE,
AG0320-298,,flower,nec180,,,,,,,,,,,,,,,,,FALSE,,,FALSE,
AG0320-299,,flower,nec181,,,,,,,,,,,,,,,,,FALSE,,,FALSE,
AG0320-300,,flower,nec182,,,,,,,,,,,,,,,,,FALSE,,,FALSE,
AG0320-301,,flower,nec183,,,,,,,,,,,,,,,,,FALSE,,,FALSE,
AG0320-302,,flower,nec184,,,,,,,,,,,,,,,,,FALSE,,,FALSE,
AG0320-303,,flower,nec185,,,,,,,,,,,,,,,,,FALSE,,,FALSE,
AG0320-304,,flower,nec186,,,,,,,,,,,,,,,,,FALSE,,,FALSE,
AG0320-305,,flower,nec187,,,,,,,,,,,,,,,,,FALSE,,,FALSE,
AG0320-306,,flower,nec188,,,,,,,,,,,,,,,,,FALSE,,,FALSE,
AG0320-307,,flower,nec189,,,,,,,,,,,,,,,,,FALSE,,,FALSE,
AG0320-308,,flower,nec190,,,,,,,,,,,,,,,,,FALSE,,,FALSE,
AG0320-309,,flower,nec191,,,,,,,,,,,,,,,,,FALSE,,,FALSE,
AG0320-310,,flower,nec192,,,,,,,,,,,,,,,,,FALSE,,,FALSE,
AG0320-311,,flower,nec193,,,,,,,,,,,,,,,,,FALSE,,,FALSE,
AG0320-312,,flower,nec194,,,,,,,,,,,,,,,,,FALSE,,,FALSE,
AG0320-313,,flower,nec195,,,,,,,,,,,,,,,,,FALSE,,,FALSE,
AG0320-314,,flower,nec196,,,,,,,,,,,,,,,,,FALSE,,,FALSE,
AG0320-315,,flower,nec197,,,,,,,,,,,,,,,,,FALSE,,,FALSE,
AG0320-316,,flower,nec198,,,,,,,,,,,,,,,,,FALSE,,,FALSE,
AG0320-317,,flower,nec199,,,,,,,,,,,,,,,,,FALSE,,,FALSE,
AG0320-318,,flower,ntpl2NC,,,,,,,,,,,,,,,,,FALSE,,,FALSE,
AG0320-319,,flower,ntpl2NC2,,,,,,,,,,,,,,,,,FALSE,,,FALSE,
AG0320-320,,flower,nec202,,,,,,,,,,,,,,,,,FALSE,,,FALSE,
AG0320-321,,flower,nec203,,,,,,,,,,,,,,,,,FALSE,,,FALSE,
AG0320-322,,flower,nec204,,,,,,,,,,,,,,,,,FALSE,,,FALSE,
AG0320-323,,flower,nec205,,,,,,,,,,,,,,,,,FALSE,,,FALSE,
AG0320-324,,flower,nec206,,,,,,,,,,,,,,,,,FALSE,,,FALSE,
AG0320-325,,flower,nec207,,,,,,,,,,,,,,,,,FALSE,,,FALSE,
AG0320-326,,flower,nec208,,,,,,,,,,,,,,,,,FALSE,,,FALSE,
AG0320-327,,flower,nec209,,,,,,,,,,,,,,,,,FALSE,,,FALSE,
AG0320-328,,flower,nec210,,,,,,,,,,,,,,,,,FALSE,,,FALSE,
AG0320-329,,flower,nec211,,,,,,,,,,,,,,,,,FALSE,,,FALSE,
AG0320-330,,flower,nec212,,,,,,,,,,,,,,,,,FALSE,,,FALSE,
AG0320-331,,flower,nec213,,,,,,,,,,,,,,,,,FALSE,,,FALSE,
AG0320-332,,flower,nec214,,,,,,,,,,,,,,,,,FALSE,,,FALSE,
AG0320-333,,flower,nec215,,,,,,,,,,,,,,,,,FALSE,,,FALSE,
AG0320-334,,flower,nec216,,,,,,,,,,,,,,,,,FALSE,,,FALSE,
AG0320-335,,flower,nec217,,,,,,,,,,,,,,,,,FALSE,,,FALSE,
AG0320-336,,flower,nec218,,,,,,,,,,,,,,,,,FALSE,,,FALSE,
AG0320-337,,flower,nec219,,,,,,,,,,,,,,,,,FALSE,,,FALSE,
AG0320-338,,flower,nec220,,,,,,,,,,,,,,,,,FALSE,,,FALSE,
AG0320-339,,flower,nec221,,,,,,,,,,,,,,,,,FALSE,,,FALSE,
AG0320-340,,flower,nec222,,,,,,,,,,,,,,,,,FALSE,,,FALSE,
AG0320-341,,flower,nec223,,,,,,,,,,,,,,,,,FALSE,,,FALSE,
AG0320-342,,flower,nec224,,,,,,,,,,,,,,,,,FALSE,,,FALSE,
AG0320-343,,flower,nec225,,,,,,,,,,,,,,,,,FALSE,,,FALSE,
AG0320-344,,flower,nec226,,,,,,,,,,,,,,,,,FALSE,,,FALSE,
AG0320-345,,flower,nec227,,,,,,,,,,,,,,,,,FALSE,,,FALSE,
AG0320-346,,flower,nec228,,,,,,,,,,,,,,,,,FALSE,,,FALSE,
AG0320-347,,flower,nec229,,,,,,,,,,,,,,,,,FALSE,,,FALSE,
AG0320-348,,flower,nec230,,,,,,,,,,,,,,,,,FALSE,,,FALSE,
AG0320-349,,flower,nec231,,,,,,,,,,,,,,,,,FALSE,,,FALSE,
AG0320-350,,flower,nec232,,,,,,,,,,,,,,,,,FALSE,,,FALSE,
AG0320-351,,flower,nec233,,,,,,,,,,,,,,,,,FALSE,,,FALSE,
AG0320-352,,flower,nec234,,,,,,,,,,,,,,,,,FALSE,,,FALSE,
AG0320-353,,flower,nec235,,,,,,,,,,,,,,,,,FALSE,,,FALSE,
AG0320-354,,flower,nec236,,,,,,,,,,,,,,,,,FALSE,,,FALSE,
AG0320-355,,flower,nec237,,,,,,,,,,,,,,,,,FALSE,,,FALSE,
AG0320-356,,flower,nec238,,,,,,,,,,,,,,,,,FALSE,,,FALSE,
AG0320-357,,flower,nec239,,,,,,,,,,,,,,,,,FALSE,,,FALSE,
AG0320-358,,flower,nec240,,,,,,,,,,,,,,,,,FALSE,,,FALSE,
AG0320-359,,flower,nec241,,,,,,,,,,,,,,,,,FALSE,,,FALSE,
AG0320-360,,flower,nec242,,,,,,,,,,,,,,,,,FALSE,,,FALSE,
AG0320-361,,flower,nec243,,,,,,,,,,,,,,,,,FALSE,,,FALSE,
AG0320-362,,flower,nec244,,,,,,,,,,,,,,,,,FALSE,,,FALSE,
AG0320-363,,flower,nec245,,,,,,,,,,,,,,,,,FALSE,,,FALSE,
AG0320-364,,flower,nec246,,,,,,,,,,,,,,,,,FALSE,,,FALSE,
AG0320-365,,flower,nec247,,,,,,,,,,,,,,,,,FALSE,,,FALSE,
AG0320-366,,flower,nec248,,,,,,,,,,,,,,,,,FALSE,,,FALSE,
AG0320-367,,flower,nec249,,,,,,,,,,,,,,,,,FALSE,,,FALSE,
AG0320-368,,flower,nec250,,,,,,,,,,,,,,,,,FALSE,,,FALSE,
AG0320-369,,flower,nec251,,,,,,,,,,,,,,,,,FALSE,,,FALSE,
AG0320-370,,flower,nec252,,,,,,,,,,,,,,,,,FALSE,,,FALSE,
AG0320-371,,flower,nec253,,,,,,,,,,,,,,,,,FALSE,,,FALSE,
AG0320-372,,flower,nec254,,,,,,,,,,,,,,,,,FALSE,,,FALSE,
AG0320-373,,flower,nec255,,,,,,,,,,,,,,,,,FALSE,,,FALSE,
AG0320-374,,flower,nec256,,,,,,,,,,,,,,,,,FALSE,,,FALSE,
AG0320-375,,flower,nec257,,,,,,,,,,,,,,,,,FALSE,,,FALSE,
AG0320-376,,flower,nec258,,,,,,,,,,,,,,,,,FALSE,,,FALSE,
AG0320-377,,flower,nec259,,,,,,,,,,,,,,,,,FALSE,,,FALSE,
AG0320-378,,flower,nec260,,,,,,,,,,,,,,,,,FALSE,,,FALSE,
AG0320-379,,flower,nec261,,,,,,,,,,,,,,,,,FALSE,,,FALSE,
AG0320-380,,flower,nec262,,,,,,,,,,,,,,,,,FALSE,,,FALSE,
AG0320-381,,flower,nec263,,,,,,,,,,,,,,,,,FALSE,,,FALSE,
AG0320-382,,flower,nec264,,,,,,,,,,,,,,,,,FALSE,,,FALSE,
AG0320-383,,flower,nec265,,,,,,,,,,,,,,,,,FALSE,,,FALSE,
AG0320-384,,flower,nec266,,,,,,,,,,,,,,,,,FALSE,,,FALSE,
AG0320-385,,flower,nec267,,,,,,,,,,,,,,,,,FALSE,,,FALSE,
AG0320-386,,flower,nec268,,,,,,,,,,,,,,,,,FALSE,,,FALSE,
AG0320-387,,flower,nec269,,,,,,,,,,,,,,,,,FALSE,,,FALSE,
AG0320-388,,flower,nec270,,,,,,,,,,,,,,,,,FALSE,,,FALSE,
AG0320-389,,flower,nec271,,,,,,,,,,,,,,,,,FALSE,,,FALSE,
AG0320-390,,flower,nec272,,,,,,,,,,,,,,,,,FALSE,,,FALSE,
AG0320-391,,flower,nec273,,,,,,,,,,,,,,,,,FALSE,,,FALSE,
AG0320-392,,flower,nec274,,,,,,,,,,,,,,,,,FALSE,,,FALSE,
AG0320-393,,flower,nec275,,,,,,,,,,,,,,,,,FALSE,,,FALSE,
AG0320-394,,flower,nec276,,,,,,,,,,,,,,,,,FALSE,,,FALSE,
AG0320-395,,flower,nec277,,,,,,,,,,,,,,,,,FALSE,,,FALSE,
AG0320-396,,flower,nec278,,,,,,,,,,,,,,,,,FALSE,,,FALSE,
AG0320-397,,flower,nec279,,,,,,,,,,,,,,,,,FALSE,,,FALSE,
AG0320-398,,flower,nec280,,,,,,,,,,,,,,,,,FALSE,,,FALSE,
AG0320-399,,flower,nec281,,,,,,,,,,,,,,,,,FALSE,,,FALSE,
AG0320-400,,flower,nec282,,,,,,,,,,,,,,,,,FALSE,,,FALSE,
AG0320-401,,flower,nec283,,,,,,,,,,,,,,,,,FALSE,,,FALSE,
AG0320-402,,flower,nec284,,,,,,,,,,,,,,,,,FALSE,,,FALSE,
AG0320-403,,flower,nec285,,,,,,,,,,,,,,,,,FALSE,,,FALSE,
AG0320-404,,flower,nec286,,,,,,,,,,,,,,,,,FALSE,,,FALSE,
AG0320-405,,flower,nec287,,,,,,,,,,,,,,,,,FALSE,,,FALSE,
AG0320-406,,flower,nec288,,,,,,,,,,,,,,,,,FALSE,,,FALSE,
AG0320-407,,flower,nec289,,,,,,,,,,,,,,,,,FALSE,,,FALSE,
AG0320-408,,flower,nec290,,,,,,,,,,,,,,,,,FALSE,,,FALSE,
AG0320-409,,flower,nec291,,,,,,,,,,,,,,,,,FALSE,,,FALSE,
AG0320-410,,flower,nec292,,,,,,,,,,,,,,,,,FALSE,,,FALSE,
AG0320-411,,flower,nec293,,,,,,,,,,,,,,,,,FALSE,,,FALSE,
AG0320-412,,flower,nec294,,,,,,,,,,,,,,,,,FALSE,,,FALSE,
AG0320-413,,flower,nec295,,,,,,,,,,,,,,,,,FALSE,,,FALSE,
AG0320-414,,flower,ntpl3NC,,,,,,,,,,,,,,,,,FALSE,,,FALSE,
AG0320-415,,flower,ntpl3NC2,,,,,,,,,,,,,,,,,FALSE,,,FALSE,
AG0320-416,,flower,nec298,,,,,,,,,,,,,,,,,FALSE,,,FALSE,
AG0320-417,,flower,nec299,,,,,,,,,,,,,,,,,FALSE,,,FALSE,
AG0320-418,,flower,nec300,,,,,,,,,,,,,,,,,FALSE,,,FALSE,
AG0320-419,,flower,nec301,,,,,,,,,,,,,,,,,FALSE,,,FALSE,
AG0320-420,,flower,nec302,,,,,,,,,,,,,,,,,FALSE,,,FALSE,
AG0320-421,,flower,nec303,,,,,,,,,,,,,,,,,FALSE,,,FALSE,
AG0320-422,,flower,nec304,,,,,,,,,,,,,,,,,FALSE,,,FALSE,
AG0320-423,,flower,nec305,,,,,,,,,,,,,,,,,FALSE,,,FALSE,
AG0320-424,,flower,nec306,,,,,,,,,,,,,,,,,FALSE,,,FALSE,
AG0320-425,,flower,nec307,,,,,,,,,,,,,,,,,FALSE,,,FALSE,
AG0320-426,,flower,nec308,,,,,,,,,,,,,,,,,FALSE,,,FALSE,
AG0320-427,,flower,nec309,,,,,,,,,,,,,,,,,FALSE,,,FALSE,
AG0320-428,,flower,nec310,,,,,,,,,,,,,,,,,FALSE,,,FALSE,
AG0320-429,,flower,nec311,,,,,,,,,,,,,,,,,FALSE,,,FALSE,
AG0320-430,,flower,nec312,,,,,,,,,,,,,,,,,FALSE,,,FALSE,
AG0320-431,,flower,nec313,,,,,,,,,,,,,,,,,FALSE,,,FALSE,
AG0320-432,,flower,nec314,,,,,,,,,,,,,,,,,FALSE,,,FALSE,
AG0320-433,,flower,nec315,,,,,,,,,,,,,,,,,FALSE,,,FALSE,
AG0320-434,,flower,nec316,,,,,,,,,,,,,,,,,FALSE,,,FALSE,
AG0320-435,,flower,nec317,,,,,,,,,,,,,,,,,FALSE,,,FALSE,
AG0320-436,,flower,nec318,,,,,,,,,,,,,,,,,FALSE,,,FALSE,
AG0320-437,,flower,nec319,,,,,,,,,,,,,,,,,FALSE,,,FALSE,
AG0320-438,,flower,nec320,,,,,,,,,,,,,,,,,FALSE,,,FALSE,
AG0320-439,,flower,nec321,,,,,,,,,,,,,,,,,FALSE,,,FALSE,
AG0320-440,,flower,nec322,,,,,,,,,,,,,,,,,FALSE,,,FALSE,
AG0320-441,,flower,nec323,,,,,,,,,,,,,,,,,FALSE,,,FALSE,
AG0320-442,,flower,nec324,,,,,,,,,,,,,,,,,FALSE,,,FALSE,
AG0320-443,,flower,nec325,,,,,,,,,,,,,,,,,FALSE,,,FALSE,
AG0320-444,,flower,nec326,,,,,,,,,,,,,,,,,FALSE,,,FALSE,
AG0320-445,,flower,nec327,,,,,,,,,,,,,,,,,FALSE,,,FALSE,
AG0320-446,,flower,nec328,,,,,,,,,,,,,,,,,FALSE,,,FALSE,
AG0320-447,,flower,nec329,,,,,,,,,,,,,,,,,FALSE,,,FALSE,
AG0320-448,,flower,nec330,,,,,,,,,,,,,,,,,FALSE,,,FALSE,
AG0320-449,,flower,nec331,,,,,,,,,,,,,,,,,FALSE,,,FALSE,
AG0320-450,,flower,nec332,,,,,,,,,,,,,,,,,FALSE,,,FALSE,
AG0320-451,,flower,nec333,,,,,,,,,,,,,,,,,FALSE,,,FALSE,
AG0320-452,,flower,nec334,,,,,,,,,,,,,,,,,FALSE,,,FALSE,
AG0320-453,,flower,nec335,,,,,,,,,,,,,,,,,FALSE,,,FALSE,
AG0320-454,,flower,nec336,,,,,,,,,,,,,,,,,FALSE,,,FALSE,
AG0320-455,,flower,nec337,,,,,,,,,,,,,,,,,FALSE,,,FALSE,
AG0320-456,,flower,nec338,,,,,,,,,,,,,,,,,FALSE,,,FALSE,
AG0320-457,,flower,nec339,,,,,,,,,,,,,,,,,FALSE,,,FALSE,
AG0320-458,,flower,nec340,,,,,,,,,,,,,,,,,FALSE,,,FALSE,
AG0320-459,,flower,nec341,,,,,,,,,,,,,,,,,FALSE,,,FALSE,
AG0320-460,,flower,nec342,,,,,,,,,,,,,,,,,FALSE,,,FALSE,
AG0320-461,,flower,nec343,,,,,,,,,,,,,,,,,FALSE,,,FALSE,
AG0320-462,,flower,nec344,,,,,,,,,,,,,,,,,FALSE,,,FALSE,
AG0320-463,,flower,nec345,,,,,,,,,,,,,,,,,FALSE,,,FALSE,
AG0320-464,,flower,nec346,,,,,,,,,,,,,,,,,FALSE,,,FALSE,
AG0320-465,,flower,nec347,,,,,,,,,,,,,,,,,FALSE,,,FALSE,
AG0320-466,,flower,nec348,,,,,,,,,,,,,,,,,FALSE,,,FALSE,
AG0320-467,,flower,nec349,,,,,,,,,,,,,,,,,FALSE,,,FALSE,
AG0320-468,,flower,nec350,,,,,,,,,,,,,,,,,FALSE,,,FALSE,
AG0320-469,,flower,nec351,,,,,,,,,,,,,,,,,FALSE,,,FALSE,
AG0320-470,,flower,nec352,,,,,,,,,,,,,,,,,FALSE,,,FALSE,
AG0320-471,,flower,nec353,,,,,,,,,,,,,,,,,FALSE,,,FALSE,
AG0320-472,,flower,nec354,,,,,,,,,,,,,,,,,FALSE,,,FALSE,
AG0320-473,,flower,nec355,,,,,,,,,,,,,,,,,FALSE,,,FALSE,
AG0320-474,,flower,nec356,,,,,,,,,,,,,,,,,FALSE,,,FALSE,
AG0320-475,,flower,nec357,,,,,,,,,,,,,,,,,FALSE,,,FALSE,
AG0320-476,,flower,nec358,,,,,,,,,,,,,,,,,FALSE,,,FALSE,
AG0320-477,,flower,nec359,,,,,,,,,,,,,,,,,FALSE,,,FALSE,
AG0320-478,,flower,nec360,,,,,,,,,,,,,,,,,FALSE,,,FALSE,
AG0320-479,,flower,nec361,,,,,,,,,,,,,,,,,FALSE,,,FALSE,
AG0320-480,,flower,nec362,,,,,,,,,,,,,,,,,FALSE,,,FALSE,
AG0320-481,,flower,nec363,,,,,,,,,,,,,,,,,FALSE,,,FALSE,
AG0320-482,,flower,nec364,,,,,,,,,,,,,,,,,FALSE,,,FALSE,
AG0320-483,,flower,nec365,,,,,,,,,,,,,,,,,FALSE,,,FALSE,
AG0320-484,,flower,nec366,,,,,,,,,,,,,,,,,FALSE,,,FALSE,
AG0320-485,,flower,nec367,,,,,,,,,,,,,,,,,FALSE,,,FALSE,
AG0320-486,,flower,nec368,,,,,,,,,,,,,,,,,FALSE,,,FALSE,
AG0320-487,,flower,nec369,,,,,,,,,,,,,,,,,FALSE,,,FALSE,
AG0320-488,,flower,nec370,,,,,,,,,,,,,,,,,FALSE,,,FALSE,
AG0320-489,,flower,nec371,,,,,,,,,,,,,,,,,FALSE,,,FALSE,
AG0320-490,,flower,nec372,,,,,,,,,,,,,,,,,FALSE,,,FALSE,
AG0320-491,,flower,nec373,,,,,,,,,,,,,,,,,FALSE,,,FALSE,
AG0320-492,,flower,nec374,,,,,,,,,,,,,,,,,FALSE,,,FALSE,
AG0320-493,,flower,nec375,,,,,,,,,,,,,,,,,FALSE,,,FALSE,
AG0320-494,,flower,nec376,,,,,,,,,,,,,,,,,FALSE,,,FALSE,
AG0320-495,,flower,nec377,,,,,,,,,,,,,,,,,FALSE,,,FALSE,
AG0320-496,,flower,nec378,,,,,,,,,,,,,,,,,FALSE,,,FALSE,
AG0320-497,,flower,nec379,,,,,,,,,,,,,,,,,FALSE,,,FALSE,
AG0320-498,,flower,nec380,,,,,,,,,,,,,,,,,FALSE,,,FALSE,
AG0320-499,,flower,nec381,,,,,,,,,,,,,,,,,FALSE,,,FALSE,
AG0320-500,,flower,nec382,,,,,,,,,,,,,,,,,FALSE,,,FALSE,
AG0320-501,,flower,nec383,,,,,,,,,,,,,,,,,FALSE,,,FALSE,
AG0320-502,,flower,nec384,,,,,,,,,,,,,,,,,FALSE,,,FALSE,
AG0320-503,,flower,nec385,,,,,,,,,,,,,,,,,FALSE,,,FALSE,
AG0320-504,,flower,nec386,,,,,,,,,,,,,,,,,FALSE,,,FALSE,
AG0320-505,,flower,nec387,,,,,,,,,,,,,,,,,FALSE,,,FALSE,
AG0320-506,,flower,nec388,,,,,,,,,,,,,,,,,FALSE,,,FALSE,
AG0320-507,,flower,nec389,,,,,,,,,,,,,,,,,FALSE,,,FALSE,
AG0320-508,,flower,nec390,,,,,,,,,,,,,,,,,FALSE,,,FALSE,
AG0320-509,,flower,nec391,,,,,,,,,,,,,,,,,FALSE,,,FALSE,
AG0320-510,,flower,ntpl4NC,,,,,,,,,,,,,,,,,FALSE,,,FALSE,
AG0320-511,,flower,ntpl4NC2,,,,,,,,,,,,,,,,,FALSE,,,FALSE,
AG0320-512,,flower,nec394,,,,,,,,,,,,,,,,,FALSE,,,FALSE,
AG0320-513,,flower,nec395,,,,,,,,,,,,,,,,,FALSE,,,FALSE,
AG0320-514,,flower,nec396,,,,,,,,,,,,,,,,,FALSE,,,FALSE,
AG0320-515,,flower,nec397,,,,,,,,,,,,,,,,,FALSE,,,FALSE,
AG0320-516,,flower,nec398,,,,,,,,,,,,,,,,,FALSE,,,FALSE,
AG0320-517,,flower,nec399,,,,,,,,,,,,,,,,,FALSE,,,FALSE,
AG0320-518,,flower,nec400,,,,,,,,,,,,,,,,,FALSE,,,FALSE,
AG0320-519,,flower,nec401,,,,,,,,,,,,,,,,,FALSE,,,FALSE,
AG0320-520,,flower,nec402,,,,,,,,,,,,,,,,,FALSE,,,FALSE,
AG0320-521,,flower,nec403,,,,,,,,,,,,,,,,,FALSE,,,FALSE,
AG0320-522,,flower,nec404,,,,,,,,,,,,,,,,,FALSE,,,FALSE,
AG0320-523,,flower,nec405,,,,,,,,,,,,,,,,,FALSE,,,FALSE,
AG0320-524,,flower,nec406,,,,,,,,,,,,,,,,,FALSE,,,FALSE,
AG0320-525,,flower,nec407,,,,,,,,,,,,,,,,,FALSE,,,FALSE,
AG0320-526,,flower,nec408,,,,,,,,,,,,,,,,,FALSE,,,FALSE,
AG0320-527,,flower,nec409,,,,,,,,,,,,,,,,,FALSE,,,FALSE,
AG0320-528,,flower,nec410,,,,,,,,,,,,,,,,,FALSE,,,FALSE,
AG0320-529,,flower,nec411,,,,,,,,,,,,,,,,,FALSE,,,FALSE,
AG0320-530,,flower,nec412,,,,,,,,,,,,,,,,,FALSE,,,FALSE,
AG0320-531,,flower,nec413,,,,,,,,,,,,,,,,,FALSE,,,FALSE,
AG0320-532,,flower,nec414,,,,,,,,,,,,,,,,,FALSE,,,FALSE,
AG0320-533,,flower,nec415,,,,,,,,,,,,,,,,,FALSE,,,FALSE,
AG0320-534,,flower,nec416,,,,,,,,,,,,,,,,,FALSE,,,FALSE,
AG0320-535,,flower,nec417,,,,,,,,,,,,,,,,,FALSE,,,FALSE,
AG0320-536,,flower,nec418,,,,,,,,,,,,,,,,,FALSE,,,FALSE,
AG0320-537,,flower,nec419,,,,,,,,,,,,,,,,,FALSE,,,FALSE,
AG0320-538,,flower,nec420,,,,,,,,,,,,,,,,,FALSE,,,FALSE,
AG0320-539,,flower,nec421,,,,,,,,,,,,,,,,,FALSE,,,FALSE,
AG0320-540,,flower,nec422,,,,,,,,,,,,,,,,,FALSE,,,FALSE,
AG0320-541,,flower,nec423,,,,,,,,,,,,,,,,,FALSE,,,FALSE,
AG0320-542,,flower,nec424,,,,,,,,,,,,,,,,,FALSE,,,FALSE,
AG0320-543,,flower,nec425,,,,,,,,,,,,,,,,,FALSE,,,FALSE,
AG0320-544,,flower,nec426,,,,,,,,,,,,,,,,,FALSE,,,FALSE,
AG0320-545,,flower,nec427,,,,,,,,,,,,,,,,,FALSE,,,FALSE,
AG0320-546,,flower,nec428,,,,,,,,,,,,,,,,,FALSE,,,FALSE,
AG0320-547,,flower,nec429,,,,,,,,,,,,,,,,,FALSE,,,FALSE,
AG0320-548,,flower,nec430,,,,,,,,,,,,,,,,,FALSE,,,FALSE,
AG0320-549,,flower,nec431,,,,,,,,,,,,,,,,,FALSE,,,FALSE,
AG0320-550,,flower,nec432,,,,,,,,,,,,,,,,,FALSE,,,FALSE,
AG0320-551,,flower,nec433,,,,,,,,,,,,,,,,,FALSE,,,FALSE,
AG0320-552,,flower,nec434,,,,,,,,,,,,,,,,,FALSE,,,FALSE,
AG0320-553,,flower,nec435,,,,,,,,,,,,,,,,,FALSE,,,FALSE,
AG0320-554,,flower,nec436,,,,,,,,,,,,,,,,,FALSE,,,FALSE,
AG0320-555,,flower,nec437,,,,,,,,,,,,,,,,,FALSE,,,FALSE,
AG0320-556,,flower,nec438,,,,,,,,,,,,,,,,,FALSE,,,FALSE,
AG0320-557,,flower,nec439,,,,,,,,,,,,,,,,,FALSE,,,FALSE,
AG0320-558,,flower,nec440,,,,,,,,,,,,,,,,,FALSE,,,FALSE,
AG0320-559,,flower,nec441,,,,,,,,,,,,,,,,,FALSE,,,FALSE,
AG0320-560,,flower,nec442,,,,,,,,,,,,,,,,,FALSE,,,FALSE,
AG0320-561,,flower,nec443,,,,,,,,,,,,,,,,,FALSE,,,FALSE,
AG0320-562,,flower,nec444,,,,,,,,,,,,,,,,,FALSE,,,FALSE,
AG0320-563,,flower,nec445,,,,,,,,,,,,,,,,,FALSE,,,FALSE,
AG0320-564,,flower,nec446,,,,,,,,,,,,,,,,,FALSE,,,FALSE,
AG0320-565,,flower,nec447,,,,,,,,,,,,,,,,,FALSE,,,FALSE,
AG0320-566,,flower,nec448,,,,,,,,,,,,,,,,,FALSE,,,FALSE,
AG0320-567,,flower,nec449,,,,,,,,,,,,,,,,,FALSE,,,FALSE,
AG0320-568,,flower,nec450,,,,,,,,,,,,,,,,,FALSE,,,FALSE,
AG0320-569,,flower,nec451,,,,,,,,,,,,,,,,,FALSE,,,FALSE,
AG0320-570,,flower,nec452,,,,,,,,,,,,,,,,,FALSE,,,FALSE,
AG0320-571,,flower,nec453,,,,,,,,,,,,,,,,,FALSE,,,FALSE,
AG0320-572,,flower,nec454,,,,,,,,,,,,,,,,,FALSE,,,FALSE,
AG0320-573,,flower,nec455,,,,,,,,,,,,,,,,,FALSE,,,FALSE,
AG0320-574,,flower,nec456,,,,,,,,,,,,,,,,,FALSE,,,FALSE,
AG0320-575,,flower,nec457,,,,,,,,,,,,,,,,,FALSE,,,FALSE,
AG0320-576,,flower,nec458,,,,,,,,,,,,,,,,,FALSE,,,FALSE,
AG0320-577,,flower,nec459,,,,,,,,,,,,,,,,,FALSE,,,FALSE,
AG0320-578,,flower,nec460,,,,,,,,,,,,,,,,,FALSE,,,FALSE,
AG0320-579,,flower,nec461,,,,,,,,,,,,,,,,,FALSE,,,FALSE,
AG0320-580,,flower,nec462,,,,,,,,,,,,,,,,,FALSE,,,FALSE,
AG0320-581,,flower,nec463,,,,,,,,,,,,,,,,,FALSE,,,FALSE,
AG0320-582,,flower,nec464,,,,,,,,,,,,,,,,,FALSE,,,FALSE,
AG0320-583,,flower,nec465,,,,,,,,,,,,,,,,,FALSE,,,FALSE,
AG0320-584,,flower,nec466,,,,,,,,,,,,,,,,,FALSE,,,FALSE,
AG0320-585,,flower,nec467,,,,,,,,,,,,,,,,,FALSE,,,FALSE,
AG0320-586,,flower,nec468,,,,,,,,,,,,,,,,,FALSE,,,FALSE,
AG0320-587,,flower,nec469,,,,,,,,,,,,,,,,,FALSE,,,FALSE,
AG0320-588,,flower,nec470,,,,,,,,,,,,,,,,,FALSE,,,FALSE,
AG0320-589,,flower,nec471,,,,,,,,,,,,,,,,,FALSE,,,FALSE,
AG0320-590,,flower,nec472,,,,,,,,,,,,,,,,,FALSE,,,FALSE,
AG0320-591,,flower,nec473,,,,,,,,,,,,,,,,,FALSE,,,FALSE,
AG0320-592,,flower,nec474,,,,,,,,,,,,,,,,,FALSE,,,FALSE,
AG0320-593,,flower,nec475,,,,,,,,,,,,,,,,,FALSE,,,FALSE,
AG0320-594,,flower,nec476,,,,,,,,,,,,,,,,,FALSE,,,FALSE,
AG0320-595,,flower,nec477,,,,,,,,,,,,,,,,,FALSE,,,FALSE,
AG0320-596,,flower,nec478,,,,,,,,,,,,,,,,,FALSE,,,FALSE,
AG0320-597,,flower,nec479,,,,,,,,,,,,,,,,,FALSE,,,FALSE,
AG0320-598,,flower,nec480,,,,,,,,,,,,,,,,,FALSE,,,FALSE,
AG0320-599,,flower,nec481,,,,,,,,,,,,,,,,,FALSE,,,FALSE,
AG0320-600,,flower,nec482,,,,,,,,,,,,,,,,,FALSE,,,FALSE,
AG0320-601,,flower,nec483,,,,,,,,,,,,,,,,,FALSE,,,FALSE,
AG0320-602,,flower,nec484,,,,,,,,,,,,,,,,,FALSE,,,FALSE,
AG0320-603,,flower,nec485,,,,,,,,,,,,,,,,,FALSE,,,FALSE,
AG0320-604,,flower,nec486,,,,,,,,,,,,,,,,,FALSE,,,FALSE,
AG0320-605,,flower,nec487,,,,,,,,,,,,,,,,,FALSE,,,FALSE,
AG0320-606,,flower,ntpl5NC,,,,,,,,,,,,,,,,,FALSE,,,FALSE,
AG0320-607,,flower,ntpl5NC2,,,,,,,,,,,,,,,,,FALSE,,,FALSE,
AG0320-608,,flower,nec490,,,,,,,,,,,,,,,,,FALSE,,,FALSE,
AG0320-609,,flower,nec491,,,,,,,,,,,,,,,,,FALSE,,,FALSE,
AG0320-610,,flower,nec492,,,,,,,,,,,,,,,,,FALSE,,,FALSE,
AG0320-611,,flower,nec493,,,,,,,,,,,,,,,,,FALSE,,,FALSE,
AG0320-612,,flower,nec494,,,,,,,,,,,,,,,,,FALSE,,,FALSE,
AG0320-613,,flower,nec495,,,,,,,,,,,,,,,,,FALSE,,,FALSE,
AG0320-614,,flower,nec496,,,,,,,,,,,,,,,,,FALSE,,,FALSE,
AG0320-615,,flower,nec497,,,,,,,,,,,,,,,,,FALSE,,,FALSE,
AG0320-616,,flower,nec498,,,,,,,,,,,,,,,,,FALSE,,,FALSE,
AG0320-617,,flower,nec499,,,,,,,,,,,,,,,,,FALSE,,,FALSE,
AG0320-618,,flower,nec500,,,,,,,,,,,,,,,,,FALSE,,,FALSE,
AG0320-619,,flower,nec501,,,,,,,,,,,,,,,,,FALSE,,,FALSE,
AG0320-620,,flower,nec502,,,,,,,,,,,,,,,,,FALSE,,,FALSE,
AG0320-621,,flower,nec503,,,,,,,,,,,,,,,,,FALSE,,,FALSE,
AG0320-622,,flower,nec504,,,,,,,,,,,,,,,,,FALSE,,,FALSE,
AG0320-623,,flower,nec505,,,,,,,,,,,,,,,,,FALSE,,,FALSE,
AG0320-624,,flower,nec506,,,,,,,,,,,,,,,,,FALSE,,,FALSE,
AG0320-625,,flower,nec507,,,,,,,,,,,,,,,,,FALSE,,,FALSE,
AG0320-626,,flower,nec508,,,,,,,,,,,,,,,,,FALSE,,,FALSE,
AG0320-627,,flower,nec509,,,,,,,,,,,,,,,,,FALSE,,,FALSE,
AG0320-628,,flower,nec510,,,,,,,,,,,,,,,,,FALSE,,,FALSE,
AG0320-629,,flower,nec511,,,,,,,,,,,,,,,,,FALSE,,,FALSE,
AG0320-630,,flower,nec512,,,,,,,,,,,,,,,,,FALSE,,,FALSE,
AG0320-631,,flower,nec513,,,,,,,,,,,,,,,,,FALSE,,,FALSE,
AG0320-632,,flower,nec514,,,,,,,,,,,,,,,,,FALSE,,,FALSE,
AG0320-633,,flower,nec515,,,,,,,,,,,,,,,,,FALSE,,,FALSE,
AG0320-634,,flower,nec516,,,,,,,,,,,,,,,,,FALSE,,,FALSE,
AG0320-635,,flower,nec517,,,,,,,,,,,,,,,,,FALSE,,,FALSE,
AG0320-636,,flower,nec518,,,,,,,,,,,,,,,,,FALSE,,,FALSE,
AG0320-637,,flower,nec519,,,,,,,,,,,,,,,,,FALSE,,,FALSE,
AG0320-638,,flower,nec520,,,,,,,,,,,,,,,,,FALSE,,,FALSE,
AG0320-639,,flower,nec521,,,,,,,,,,,,,,,,,FALSE,,,FALSE,
AG0320-640,,flower,nec95,,,,,,,,,,,,,,,,,FALSE,,,FALSE,
AG0320-641,,flower,nec96,,,,,,,,,,,,,,,,,FALSE,,,FALSE,
AG0320-642,,flower,nec200,,,,,,,,,,,,,,,,,FALSE,,,FALSE,
AG0320-643,,flower,nec201,,,,,,,,,,,,,,,,,FALSE,,,FALSE,
AG0320-644,,flower,nec297,,,,,,,,,,,,,,,,,FALSE,,,FALSE,
AG0320-645,,flower,nec298,,,,,,,,,,,,,,,,,FALSE,,,FALSE,
AG0320-646,,flower,nec392,,,,,,,,,,,,,,,,,FALSE,,,FALSE,
AG0320-647,,flower,nec393,,,,,,,,,,,,,,,,,FALSE,,,FALSE,
AG0320-648,,flower,nec489,,,,,,,,,,,,,,,,,FALSE,,,FALSE,
AG0320-649,,flower,ntpl6NC1,,,,,,,,,,,,,,,,,FALSE,,,FALSE,
AG0320-650,,flower,ntpl6NC2,,,,,,,,,,,,,,,,,FALSE,,,FALSE,
AG0320-651,,flower,ntpl6NC3,,,,,,,,,,,,,,,,,FALSE,,,FALSE,
AG0320-652,,flower,ntpl6NC4,,,,,,,,,,,,,,,,,FALSE,,,FALSE,
AG0320-653,,flower,ntpl6NC5,,,,,,,,,,,,,,,,,FALSE,,,FALSE,
AG0320-654,,flower,ntpl6NC6,,,,,,,,,,,,,,,,,FALSE,,,FALSE,
AG0320-655,,flower,ntpl6NC7,,,,,,,,,,,,,,,,,FALSE,,,FALSE,
AG0320-656,,flower,ntpl6NC8,,,,,,,,,,,,,,,,,FALSE,,,FALSE,
AG0320-657,,flower,ntpl6NC9,,,,,,,,,,,,,,,,,FALSE,,,FALSE,
AG0320-658,,flower,ntpl6NC10,,,,,,,,,,,,,,,,,FALSE,,,FALSE,
AG0320-659,,flower,ntpl6NC11,,,,,,,,,,,,,,,,,FALSE,,,FALSE,
AG0320-660,,flower,ntpl6NC12,,,,,,,,,,,,,,,,,FALSE,,,FALSE,
AG0320-661,,flower,ntpl6NC13,,,,,,,,,,,,,,,,,FALSE,,,FALSE,
AG0320-662,,flower,ntpl6NC14,,,,,,,,,,,,,,,,,FALSE,,,FALSE,
AG0320-663,,flower,AP1.1,,,,,,,,,,,,,,,,,FALSE,,,FALSE,
AG0320-664,,flower,AP1.2,,,,,,,,,,,,,,,,,FALSE,,,FALSE,
AG0320-665,,flower,AP1.3,,,,,,,,,,,,,,,,,FALSE,,,FALSE,
AG0320-666,,flower,AP1.4,,,,,,,,,,,,,,,,,FALSE,,,FALSE,
AG0320-667,,flower,AP2.1,,,,,,,,,,,,,,,,,FALSE,,,FALSE,
AG0320-668,,flower,AP2.2,,,,,,,,,,,,,,,,,FALSE,,,FALSE,
AG0320-669,,flower,AP2.3,,,,,,,,,,,,,,,,,FALSE,,,FALSE,
AG0320-670,,flower,AP2.4,,,,,,,,,,,,,,,,,FALSE,,,FALSE,
AG0320-671,,flower,AP3.1,,,,,,,,,,,,,,,,,FALSE,,,FALSE,
AG0320-672,,flower,AP3.2,,,,,,,,,,,,,,,,,FALSE,,,FALSE,
AG0320-673,,flower,AP3.3,,,,,,,,,,,,,,,,,FALSE,,,FALSE,
AG0320-674,,flower,AP3.4,,,,,,,,,,,,,,,,,FALSE,,,FALSE,
AG0320-675,,flower,AP4.1,,,,,,,,,,,,,,,,,FALSE,,,FALSE,
AG0320-676,,flower,AP4.2,,,,,,,,,,,,,,,,,FALSE,,,FALSE,
AG0320-677,,flower,AP4.3,,,,,,,,,,,,,,,,,FALSE,,,FALSE,
AG0320-678,,flower,AP4.4,,,,,,,,,,,,,,,,,FALSE,,,FALSE,
AG0320-679,,flower,LO1.1,,,,,,,,,,,,,,,,,FALSE,,,FALSE,
AG0320-680,,flower,LO1.2,,,,,,,,,,,,,,,,,FALSE,,,FALSE,
AG0320-681,,flower,LO1.3,,,,,,,,,,,,,,,,,FALSE,,,FALSE,
AG0320-682,,flower,LO1.4,,,,,,,,,,,,,,,,,FALSE,,,FALSE,
AG0320-683,,flower,LO1.5,,,,,,,,,,,,,,,,,FALSE,,,FALSE,
AG0320-684,,flower,LO1.6,,,,,,,,,,,,,,,,,FALSE,,,FALSE,
AG0320-685,,flower,LO2.1,,,,,,,,,,,,,,,,,FALSE,,,FALSE,
AG0320-686,,flower,LO2.2,,,,,,,,,,,,,,,,,FALSE,,,FALSE,
AG0320-687,,flower,LO2.3,,,,,,,,,,,,,,,,,FALSE,,,FALSE,
AG0320-688,,flower,LO2.4,,,,,,,,,,,,,,,,,FALSE,,,FALSE,
AG0320-689,,flower,LO2.5,,,,,,,,,,,,,,,,,FALSE,,,FALSE,
AG0320-690,,flower,LO2.6,,,,,,,,,,,,,,,,,FALSE,,,FALSE,
AG0320-691,,flower,LO3.1,,,,,,,,,,,,,,,,,FALSE,,,FALSE,
AG0320-692,,flower,LO3.2,,,,,,,,,,,,,,,,,FALSE,,,FALSE,
AG0320-693,,flower,LO3.3,,,,,,,,,,,,,,,,,FALSE,,,FALSE,
AG0320-694,,flower,LO3.4,,,,,,,,,,,,,,,,,FALSE,,,FALSE,
AG0320-695,,flower,LO3.5,,,,,,,,,,,,,,,,,FALSE,,,FALSE,
AG0320-696,,flower,LO3.6,,,,,,,,,,,,,,,,,FALSE,,,FALSE,
AG0320-697,,flower,LO4.1,,,,,,,,,,,,,,,,,FALSE,,,FALSE,
AG0320-698,,flower,LO4.2,,,,,,,,,,,,,,,,,FALSE,,,FALSE,
AG0320-699,,flower,LO4.3,,,,,,,,,,,,,,,,,FALSE,,,FALSE,
AG0320-700,,flower,LO4.4,,,,,,,,,,,,,,,,,FALSE,,,FALSE,
AG0320-701,,flower,LO4.5,,,,,,,,,,,,,,,,,FALSE,,,FALSE,
AG0320-702,,flower,LO4.6,,,,,,,,,,,,,,,,,FALSE,,,FALSE,
AG0320-703,,flower,nec618,,,,,,,,,,,,,,,,,FALSE,,,FALSE,
AG0320-704,,flower,nec619,,,,,,,,,,,,,,,,,FALSE,,,FALSE,
AG0320-705,,flower,nec620,,,,,,,,,,,,,,,,,FALSE,,,FALSE,
AG0320-706,,flower,nec621,,,,,,,,,,,,,,,,,FALSE,,,FALSE,
AG0320-707,,flower,nec622,,,,,,,,,,,,,,,,,FALSE,,,FALSE,
AG0320-708,,flower,nec623,,,,,,,,,,,,,,,,,FALSE,,,FALSE,
AG0320-709,,flower,nec624,,,,,,,,,,,,,,,,,FALSE,,,FALSE,
AG0320-710,,flower,nec625,,,,,,,,,,,,,,,,,FALSE,,,FALSE,
AG0320-711,,flower,nec626,,,,,,,,,,,,,,,,,FALSE,,,FALSE,
AG0320-712,,flower,nec627,,,,,,,,,,,,,,,,,FALSE,,,FALSE,
AG0320-713,,flower,nec628,,,,,,,,,,,,,,,,,FALSE,,,FALSE,
AG0320-714,,flower,nec629,,,,,,,,,,,,,,,,,FALSE,,,FALSE,
AG0320-715,,flower,nec630,,,,,,,,,,,,,,,,,FALSE,,,FALSE,
AG0320-716,,flower,nec631,,,,,,,,,,,,,,,,,FALSE,,,FALSE,
AG0320-717,,flower,nec632,,,,,,,,,,,,,,,,,FALSE,,,FALSE,
AG0320-718,,flower,nec633,,,,,,,,,,,,,,,,,FALSE,,,FALSE,
AG0320-719,,flower,nec634,,,,,,,,,,,,,,,,,FALSE,,,FALSE,
AG0320-720,,flower,nec635,,,,,,,,,,,,,,,,,FALSE,,,FALSE,
AG0320-721,,flower,nec636,,,,,,,,,,,,,,,,,FALSE,,,FALSE,
AG0320-722,,flower,nec637,,,,,,,,,,,,,,,,,FALSE,,,FALSE,
AG0320-723,,flower,nec638,,,,,,,,,,,,,,,,,FALSE,,,FALSE,
AG0320-724,,flower,nec639,,,,,,,,,,,,,,,,,FALSE,,,FALSE,
AG0320-725,,flower,nec640,,,,,,,,,,,,,,,,,FALSE,,,FALSE,
AG0320-726,,flower,nec641,,,,,,,,,,,,,,,,,FALSE,,,FALSE,
AG0320-727,,flower,nec642,,,,,,,,,,,,,,,,,FALSE,,,FALSE,
AG0320-728,,flower,nec643,,,,,,,,,,,,,,,,,FALSE,,,FALSE,
AG0320-729,,flower,nec644,,,,,,,,,,,,,,,,,FALSE,,,FALSE,
AG0320-730,,flower,nec645,,,,,,,,,,,,,,,,,FALSE,,,FALSE,
AG0320-731,,flower,nec646,,,,,,,,,,,,,,,,,FALSE,,,FALSE,
AG0320-732,,flower,nec647,,,,,,,,,,,,,,,,,FALSE,,,FALSE,
AG0320-733,,flower,nec648,,,,,,,,,,,,,,,,,FALSE,,,FALSE,
AG0320-734,,flower,nec649,,,,,,,,,,,,,,,,,FALSE,,,FALSE,
AG0320-735,,flower,nec650,,,,,,,,,,,,,,,,,FALSE,,,FALSE,
AG0320-736,,flower,nec651,,,,,,,,,,,,,,,,,FALSE,,,FALSE,
AG0320-737,,flower,nec652,,,,,,,,,,,,,,,,,FALSE,,,FALSE,
AG0320-738,,flower,nec653,,,,,,,,,,,,,,,,,FALSE,,,FALSE,
AG0320-739,,flower,nec654,,,,,,,,,,,,,,,,,FALSE,,,FALSE,
AG0320-740,,flower,nec655,,,,,,,,,,,,,,,,,FALSE,,,FALSE,
AG0320-741,,flower,nec656,,,,,,,,,,,,,,,,,FALSE,,,FALSE,
AG0320-742,,flower,nec657,,,,,,,,,,,,,,,,,FALSE,,,FALSE,
AG0320-743,,flower,nec658,,,,,,,,,,,,,,,,,FALSE,,,FALSE,
AG0320-744,,flower,nec659,,,,,,,,,,,,,,,,,FALSE,,,FALSE,
AG0320-745,,flower,nec660,,,,,,,,,,,,,,,,,FALSE,,,FALSE,
AG0320-746,,flower,nec661,,,,,,,,,,,,,,,,,FALSE,,,FALSE,
AG0320-747,,flower,nec662,,,,,,,,,,,,,,,,,FALSE,,,FALSE,
AG0320-748,,flower,nec663,,,,,,,,,,,,,,,,,FALSE,,,FALSE,
AG0320-749,,flower,nec664,,,,,,,,,,,,,,,,,FALSE,,,FALSE,
AG0320-750,,flower,nec665,,,,,,,,,,,,,,,,,FALSE,,,FALSE,
AG0320-751,,flower,ntpl7NC1,,,,,,,,,,,,,,,,,FALSE,,,FALSE,
AG0320-752,,flower,ntpl7NC2,,,,,,,,,,,,,,,,,FALSE,,,FALSE,
AG0320-753,,flower,ntpl7NC3,,,,,,,,,,,,,,,,,FALSE,,,FALSE,
AG0320-754,,flower,ntpl7NC4,,,,,,,,,,,,,,,,,FALSE,,,FALSE,
AG0320-755,,flower,ntpl7NC5,,,,,,,,,,,,,,,,,FALSE,,,FALSE,
AG0320-756,,flower,nec488,,,,,,,,,,,,,,,,,FALSE,,,FALSE,
AG0320-757,,flower,ntpl7NC6,,,,,,,,,,,,,,,,,FALSE,,,FALSE,
AG0320-758,,flower,LP1.1,,,,,,,,,,,,,,,,,FALSE,,,FALSE,
AG0320-759,,flower,LP1.2,,,,,,,,,,,,,,,,,FALSE,,,FALSE,
AG0320-760,,flower,LP1.3,,,,,,,,,,,,,,,,,FALSE,,,FALSE,
AG0320-761,,flower,LP1.4,,,,,,,,,,,,,,,,,FALSE,,,FALSE,
AG0320-762,,flower,LP2.1,,,,,,,,,,,,,,,,,FALSE,,,FALSE,
AG0320-763,,flower,LP2.2,,,,,,,,,,,,,,,,,FALSE,,,FALSE,
AG0320-764,,flower,LP2.3,,,,,,,,,,,,,,,,,FALSE,,,FALSE,
AG0320-765,,flower,LP2.4,,,,,,,,,,,,,,,,,FALSE,,,FALSE,
AG0320-766,,flower,LP3.1,,,,,,,,,,,,,,,,,FALSE,,,FALSE,
AG0320-767,,flower,LP3.2,,,,,,,,,,,,,,,,,FALSE,,,FALSE,
AG0320-768,,flower,LP3.3,,,,,,,,,,,,,,,,,FALSE,,,FALSE,
AG0320-769,,flower,LP3.4,,,,,,,,,,,,,,,,,FALSE,,,FALSE,
AG0320-770,,flower,LP3.5,,,,,,,,,,,,,,,,,FALSE,,,FALSE,
AG0320-771,,flower,LP3.6,,,,,,,,,,,,,,,,,FALSE,,,FALSE,
AG0320-772,,flower,ntpl7NC7,,,,,,,,,,,,,,,,,FALSE,,,FALSE,
AG0320-773,,flower,ntpl7NC8,,,,,,,,,,,,,,,,,FALSE,,,FALSE,
AG0320-774,,flower,ntpl7NC9,,,,,,,,,,,,,,,,,FALSE,,,FALSE,
AG0320-775,,flower,nec522,,,,,,,,,,,,,,,,,FALSE,,,FALSE,
AG0320-776,,flower,nec523,,,,,,,,,,,,,,,,,FALSE,,,FALSE,
AG0320-777,,flower,nec524,,,,,,,,,,,,,,,,,FALSE,,,FALSE,
AG0320-778,,flower,nec525,,,,,,,,,,,,,,,,,FALSE,,,FALSE,
AG0320-779,,flower,nec526,,,,,,,,,,,,,,,,,FALSE,,,FALSE,
AG0320-780,,flower,nec527,,,,,,,,,,,,,,,,,FALSE,,,FALSE,
AG0320-781,,flower,nec528,,,,,,,,,,,,,,,,,FALSE,,,FALSE,
AG0320-782,,flower,nec529,,,,,,,,,,,,,,,,,FALSE,,,FALSE,
AG0320-783,,flower,nec530,,,,,,,,,,,,,,,,,FALSE,,,FALSE,
AG0320-784,,flower,nec531,,,,,,,,,,,,,,,,,FALSE,,,FALSE,
AG0320-785,,flower,nec532,,,,,,,,,,,,,,,,,FALSE,,,FALSE,
AG0320-786,,flower,nec533,,,,,,,,,,,,,,,,,FALSE,,,FALSE,
AG0320-787,,flower,nec534,,,,,,,,,,,,,,,,,FALSE,,,FALSE,
AG0320-788,,flower,nec535,,,,,,,,,,,,,,,,,FALSE,,,FALSE,
AG0320-789,,flower,nec536,,,,,,,,,,,,,,,,,FALSE,,,FALSE,
AG0320-790,,flower,nec537,,,,,,,,,,,,,,,,,FALSE,,,FALSE,
AG0320-791,,flower,nec538,,,,,,,,,,,,,,,,,FALSE,,,FALSE,
AG0320-792,,flower,nec539,,,,,,,,,,,,,,,,,FALSE,,,FALSE,
AG0320-793,,flower,nec540,,,,,,,,,,,,,,,,,FALSE,,,FALSE,
AG0320-794,,flower,nec541,,,,,,,,,,,,,,,,,FALSE,,,FALSE,
AG0320-795,,flower,nec542,,,,,,,,,,,,,,,,,FALSE,,,FALSE,
AG0320-796,,flower,nec543,,,,,,,,,,,,,,,,,FALSE,,,FALSE,
AG0320-797,,flower,nec544,,,,,,,,,,,,,,,,,FALSE,,,FALSE,
AG0320-798,,flower,nec545,,,,,,,,,,,,,,,,,FALSE,,,FALSE,
AG0320-799,,flower,nec570,,,,,,,,,,,,,,,,,FALSE,,,FALSE,
AG0320-800,,flower,nec571,,,,,,,,,,,,,,,,,FALSE,,,FALSE,
AG0320-801,,flower,nec572,,,,,,,,,,,,,,,,,FALSE,,,FALSE,
AG0320-802,,flower,nec573,,,,,,,,,,,,,,,,,FALSE,,,FALSE,
AG0320-803,,flower,nec574,,,,,,,,,,,,,,,,,FALSE,,,FALSE,
AG0320-804,,flower,nec575,,,,,,,,,,,,,,,,,FALSE,,,FALSE,
AG0320-805,,flower,nec576,,,,,,,,,,,,,,,,,FALSE,,,FALSE,
AG0320-806,,flower,nec577,,,,,,,,,,,,,,,,,FALSE,,,FALSE,
AG0320-807,,flower,nec578,,,,,,,,,,,,,,,,,FALSE,,,FALSE,
AG0320-808,,flower,nec579,,,,,,,,,,,,,,,,,FALSE,,,FALSE,
AG0320-809,,flower,nec580,,,,,,,,,,,,,,,,,FALSE,,,FALSE,
AG0320-810,,flower,nec581,,,,,,,,,,,,,,,,,FALSE,,,FALSE,
AG0320-811,,flower,nec582,,,,,,,,,,,,,,,,,FALSE,,,FALSE,
AG0320-812,,flower,nec583,,,,,,,,,,,,,,,,,FALSE,,,FALSE,
AG0320-813,,flower,nec584,,,,,,,,,,,,,,,,,FALSE,,,FALSE,
AG0320-814,,flower,nec585,,,,,,,,,,,,,,,,,FALSE,,,FALSE,
AG0320-815,,flower,nec586,,,,,,,,,,,,,,,,,FALSE,,,FALSE,
AG0320-816,,flower,nec587,,,,,,,,,,,,,,,,,FALSE,,,FALSE,
AG0320-817,,flower,nec588,,,,,,,,,,,,,,,,,FALSE,,,FALSE,
AG0320-818,,flower,nec589,,,,,,,,,,,,,,,,,FALSE,,,FALSE,
AG0320-819,,flower,nec590,,,,,,,,,,,,,,,,,FALSE,,,FALSE,
AG0320-820,,flower,nec591,,,,,,,,,,,,,,,,,FALSE,,,FALSE,
AG0320-821,,flower,nec592,,,,,,,,,,,,,,,,,FALSE,,,FALSE,
AG0320-822,,flower,nec593,,,,,,,,,,,,,,,,,FALSE,,,FALSE,
AG0320-823,,flower,nec594,,,,,,,,,,,,,,,,,FALSE,,,FALSE,
AG0320-824,,flower,nec595,,,,,,,,,,,,,,,,,FALSE,,,FALSE,
AG0320-825,,flower,nec596,,,,,,,,,,,,,,,,,FALSE,,,FALSE,
AG0320-826,,flower,nec597,,,,,,,,,,,,,,,,,FALSE,,,FALSE,
AG0320-827,,flower,nec598,,,,,,,,,,,,,,,,,FALSE,,,FALSE,
AG0320-828,,flower,nec599,,,,,,,,,,,,,,,,,FALSE,,,FALSE,
AG0320-829,,flower,nec600,,,,,,,,,,,,,,,,,FALSE,,,FALSE,
AG0320-830,,flower,nec601,,,,,,,,,,,,,,,,,FALSE,,,FALSE,
AG0320-831,,flower,nec602,,,,,,,,,,,,,,,,,FALSE,,,FALSE,
AG0320-832,,flower,nec603,,,,,,,,,,,,,,,,,FALSE,,,FALSE,
AG0320-833,,flower,nec604,,,,,,,,,,,,,,,,,FALSE,,,FALSE,
AG0320-834,,flower,nec605,,,,,,,,,,,,,,,,,FALSE,,,FALSE,
AG0320-835,,flower,nec606,,,,,,,,,,,,,,,,,FALSE,,,FALSE,
AG0320-836,,flower,nec607,,,,,,,,,,,,,,,,,FALSE,,,FALSE,
AG0320-837,,flower,nec608,,,,,,,,,,,,,,,,,FALSE,,,FALSE,
AG0320-838,,flower,nec609,,,,,,,,,,,,,,,,,FALSE,,,FALSE,
AG0320-839,,flower,nec610,,,,,,,,,,,,,,,,,FALSE,,,FALSE,
AG0320-840,,flower,nec611,,,,,,,,,,,,,,,,,FALSE,,,FALSE,
AG0320-841,,flower,nec612,,,,,,,,,,,,,,,,,FALSE,,,FALSE,
AG0320-842,,flower,nec613,,,,,,,,,,,,,,,,,FALSE,,,FALSE,
AG0320-843,,flower,nec614,,,,,,,,,,,,,,,,,FALSE,,,FALSE,
AG0320-844,,flower,nec615,,,,,,,,,,,,,,,,,FALSE,,,FALSE,
AG0320-845,,flower,nec616,,,,,,,,,,,,,,,,,FALSE,,,FALSE,
AG0320-846,,flower,nec617,,,,,,,,,,,,,,,,,FALSE,,,FALSE,
AG0320-847,,flower,ntpl8NC1,,,,,,,,,,,,,,,,,FALSE,,,FALSE,
AG0320-848,,flower,ntpl8NC2,,,,,,,,,,,,,,,,,FALSE,,,FALSE,
AG0320-849,,flower,ntpl8NC3,,,,,,,,,,,,,,,,,FALSE,,,FALSE,
AG0320-850,,flower,manu1,,,,,,,,,,,,,,,,,FALSE,,,FALSE,
AG0320-851,,flower,manu2,,,,,,,,,,,,,,,,,FALSE,,,FALSE,
AG0320-852,,flower,manu3,,,,,,,,,,,,,,,,,FALSE,,,FALSE,
AG0320-853,,flower,manu4,,,,,,,,,,,,,,,,,FALSE,,,FALSE,
AG0320-854,,flower,manu5,,,,,,,,,,,,,,,,,FALSE,,,FALSE,
AG0320-855,,flower,manu6,,,,,,,,,,,,,,,,,FALSE,,,FALSE,
AG0320-856,,flower,manu7,,,,,,,,,,,,,,,,,FALSE,,,FALSE,
AG0320-857,,flower,manu8,,,,,,,,,,,,,,,,,FALSE,,,FALSE,
AG0320-858,,flower,manu9,,,,,,,,,,,,,,,,,FALSE,,,FALSE,
AG0320-859,,flower,manu10,,,,,,,,,,,,,,,,,FALSE,,,FALSE,
AG0320-860,,flower,manu11,,,,,,,,,,,,,,,,,FALSE,,,FALSE,
AG0320-861,,flower,manu12,,,,,,,,,,,,,,,,,FALSE,,,FALSE,
AG0320-862,,flower,manu13,,,,,,,,,,,,,,,,,FALSE,,,FALSE,
AG0320-863,,flower,manu14,,,,,,,,,,,,,,,,,FALSE,,,FALSE,
AG0320-864,,flower,manu15,,,,,,,,,,,,,,,,,FALSE,,,FALSE,
AG0320-865,,flower,manu16,,,,,,,,,,,,,,,,,FALSE,,,FALSE,
AG0320-866,,flower,manu17,,,,,,,,,,,,,,,,,FALSE,,,FALSE,
AG0320-867,,flower,manu18,,,,,,,,,,,,,,,,,FALSE,,,FALSE,
AG0320-868,,flower,manu19,,,,,,,,,,,,,,,,,FALSE,,,FALSE,
AG0320-869,,flower,manu20,,,,,,,,,,,,,,,,,FALSE,,,FALSE,
AG0320-870,,flower,manu21,,,,,,,,,,,,,,,,,FALSE,,,FALSE,
AG0320-871,,flower,manu22,,,,,,,,,,,,,,,,,FALSE,,,FALSE,
AG0320-872,,flower,manu23,,,,,,,,,,,,,,,,,FALSE,,,FALSE,
AG0320-873,,flower,manu24,,,,,,,,,,,,,,,,,FALSE,,,FALSE,
AG0320-874,,flower,manu25,,,,,,,,,,,,,,,,,FALSE,,,FALSE,
AG0320-875,,flower,manu26,,,,,,,,,,,,,,,,,FALSE,,,FALSE,
AG0320-876,,flower,manu27,,,,,,,,,,,,,,,,,FALSE,,,FALSE,
AG0320-877,,flower,manu28,,,,,,,,,,,,,,,,,FALSE,,,FALSE,
AG0320-878,,flower,manu29,,,,,,,,,,,,,,,,,FALSE,,,FALSE,
AG0320-879,,flower,manu30,,,,,,,,,,,,,,,,,FALSE,,,FALSE,
AG0320-880,,flower,manu31,,,,,,,,,,,,,,,,,FALSE,,,FALSE,
AG0320-881,,flower,manu32,,,,,,,,,,,,,,,,,FALSE,,,FALSE,
AG0320-882,,flower,manu33,,,,,,,,,,,,,,,,,FALSE,,,FALSE,
AG0320-883,,flower,manu34,,,,,,,,,,,,,,,,,FALSE,,,FALSE,
AG0320-884,,flower,manu35,,,,,,,,,,,,,,,,,FALSE,,,FALSE,
AG0320-885,,flower,manu36,,,,,,,,,,,,,,,,,FALSE,,,FALSE,
AG0320-886,,flower,manu37,,,,,,,,,,,,,,,,,FALSE,,,FALSE,
AG0320-887,,flower,manu38,,,,,,,,,,,,,,,,,FALSE,,,FALSE,
AG0320-888,,flower,manu39,,,,,,,,,,,,,,,,,FALSE,,,FALSE,
AG0320-889,,flower,manu40,,,,,,,,,,,,,,,,,FALSE,,,FALSE,
AG0320-890,,flower,manu41,,,,,,,,,,,,,,,,,FALSE,,,FALSE,
AG0320-891,,flower,manu42,,,,,,,,,,,,,,,,,FALSE,,,FALSE,
AG0320-892,,flower,manu43,,,,,,,,,,,,,,,,,FALSE,,,FALSE,
AG0320-893,,flower,manuNC,,,,,,,,,,,,,,,,,FALSE,,,FALSE,
AG0320-894,,flower,manuNC2,,,,,,,,,,,,,,,,,FALSE,,,FALSE,